{"entities":[{"graphics":{"subs":[{"layer":2,"loop":true,"path":"img/enemy/mushroom/mushroom_crushed_anim_strip_6.png","rects":[{"h":16,"w":16,"x":0,"y":0},{"h":16,"w":16,"x":16,"y":0},{"h":16,"w":16,"x":32,"y":0},{"h":16,"w":16,"x":48,"y":0},{"h":16,"w":16,"x":64,"y":0},{"h":16,"w":16,"x":80,"y":0}],"type":1},{"layer":2,"loop":true,"path":"img/enemy/mushroom/mushroom_walk_anim_strip_8.png","rects":[{"h":16,"w":16,"x":0,"y":0},{"h":16,"w":16,"x":16,"y":0},{"h":16,"w":16,"x":32,"y":0},{"h":16,"w":16,"x":48,"y":0},{"h":16,"w":16,"x":64,"y":0},{"h":16,"w":16,"x":80,"y":0},{"h":16,"w":16,"x":96,"y":0},{"h":16,"w":16,"x":112,"y":0}],"type":1},{"layer":2,"loop":true,"path":"img/enemy/mushroom/mushroom_crushed_anim_strip_6.png","rects":[{"h":16,"w":16,"x":0,"y":0},{"h":16,"w":16,"x":16,"y":0},{"h":16,"w":16,"x":32,"y":0},{"h":16,"w":16,"x":48,"y":0},{"h":16,"w":16,"x":64,"y":0},{"h":16,"w":16,"x":80,"y":0}],"type":1},{"layer":2,"loop":true,"path":"img/enemy/mushroom/mushroom_crushed_anim_strip_6.png","rects":[{"h":16,"w":16,"x":0,"y":0},{"h":16,"w":16,"x":16,"y":0},{"h":16,"w":16,"x":32,"y":0},{"h":16,"w":16,"x":48,"y":0},{"h":16,"w":16,"x":64,"y":0},{"h":16,"w":16,"x":80,"y":0}],"type":1},{"layer":2,"loop":true,"path":"img/enemy/mushroom/mushroom_crushed_anim_strip_6.png","rects":[{"h":16,"w":16,"x":0,"y":0},{"h":16,"w":16,"x":16,"y":0},{"h":16,"w":16,"x":32,"y":0},{"h":16,"w":16,"x":48,"y":0},{"h":16,"w":16,"x":64,"y":0},{"h":16,"w":16,"x":80,"y":0}],"type":1},{"layer":2,"loop":true,"path":"img/enemy/mushroom/mushroom_crushed_anim_strip_6.png","rects":[{"h":16,"w":16,"x":0,"y":0},{"h":16,"w":16,"x":16,"y":0},{"h":16,"w":16,"x":32,"y":0},{"h":16,"w":16,"x":48,"y":0},{"h":16,"w":16,"x":64,"y":0},{"h":16,"w":16,"x":80,"y":0}],"type":1},{"layer":2,"loop":false,"path":"img/enemy/mushroom/mushroom_death_anim_strip_6.png","rects":[{"h":16,"w":16,"x":0,"y":0},{"h":16,"w":16,"x":16,"y":0},{"h":16,"w":16,"x":32,"y":0},{"h":16,"w":16,"x":48,"y":0},{"h":16,"w":16,"x":64,"y":0},{"h":16,"w":16,"x":80,"y":0}],"type":1}]},"physics":{"dynamic":true,"scale":0.0625,"speed":10.0,"type":1},"pos":{"x":109.0,"y":54.75},"scripts":[{"type":0}],"state":{"dummy":false},"type":2},{"graphics":{"subs":[{"layer":2,"loop":true,"path":"img/enemy/mushroom/mushroom_crushed_anim_strip_6.png","rects":[{"h":16,"w":16,"x":0,"y":0},{"h":16,"w":16,"x":16,"y":0},{"h":16,"w":16,"x":32,"y":0},{"h":16,"w":16,"x":48,"y":0},{"h":16,"w":16,"x":64,"y":0},{"h":16,"w":16,"x":80,"y":0}],"type":1},{"layer":2,"loop":true,"path":"img/enemy/mushroom/mushroom_walk_anim_strip_8.png","rects":[{"h":16,"w":16,"x":0,"y":0},{"h":16,"w":16,"x":16,"y":0},{"h":16,"w":16,"x":32,"y":0},{"h":16,"w":16,"x":48,"y":0},{"h":16,"w":16,"x":64,"y":0},{"h":16,"w":16,"x":80,"y":0},{"h":16,"w":16,"x":96,"y":0},{"h":16,"w":16,"x":112,"y":0}],"type":1},{"layer":2,"loop":true,"path":"img/enemy/mushroom/mushroom_crushed_anim_strip_6.png","rects":[{"h":16,"w":16,"x":0,"y":0},{"h":16,"w":16,"x":16,"y":0},{"h":16,"w":16,"x":32,"y":0},{"h":16,"w":16,"x":48,"y":0},{"h":16,"w":16,"x":64,"y":0},{"h":16,"w":16,"x":80,"y":0}],"type":1},{"layer":2,"loop":true,"path":"img/enemy/mushroom/mushroom_crushed_anim_strip_6.png","rects":[{"h":16,"w":16,"x":0,"y":0},{"h":16,"w":16,"x":16,"y":0},{"h":16,"w":16,"x":32,"y":0},{"h":16,"w":16,"x":48,"y":0},{"h":16,"w":16,"x":64,"y":0},{"h":16,"w":16,"x":80,"y":0}],"type":1},{"layer":2,"loop":true,"path":"img/enemy/mushroom/mushroom_crushed_anim_strip_6.png","rects":[{"h":16,"w":16,"x":0,"y":0},{"h":16,"w":16,"x":16,"y":0},{"h":16,"w":16,"x":32,"y":0},{"h":16,"w":16,"x":48,"y":0},{"h":16,"w":16,"x":64,"y":0},{"h":16,"w":16,"x":80,"y":0}],"type":1},{"layer":2,"loop":true,"path":"img/enemy/mushroom/mushroom_crushed_anim_strip_6.png","rects":[{"h":16,"w":16,"x":0,"y":0},{"h":16,"w":16,"x":16,"y":0},{"h":16,"w":16,"x":32,"y":0},{"h":16,"w":16,"x":48,"y":0},{"h":16,"w":16,"x":64,"y":0},{"h":16,"w":16,"x":80,"y":0}],"type":1},{"layer":2,"loop":false,"path":"img/enemy/mushroom/mushroom_death_anim_strip_6.png","rects":[{"h":16,"w":16,"x":0,"y":0},{"h":16,"w":16,"x":16,"y":0},{"h":16,"w":16,"x":32,"y":0},{"h":16,"w":16,"x":48,"y":0},{"h":16,"w":16,"x":64,"y":0},{"h":16,"w":16,"x":80,"y":0}],"type":1}]},"physics":{"dynamic":true,"scale":0.0625,"speed":10.0,"type":1},"pos":{"x":495.1024169921875,"y":42.75},"scripts":[{"type":0}],"state":{"dummy":false},"type":2},{"graphics":{"subs":[{"layer":2,"loop":true,"path":"img/enemy/mushroom/mushroom_crushed_anim_strip_6.png","rects":[{"h":16,"w":16,"x":0,"y":0},{"h":16,"w":16,"x":16,"y":0},{"h":16,"w":16,"x":32,"y":0},{"h":16,"w":16,"x":48,"y":0},{"h":16,"w":16,"x":64,"y":0},{"h":16,"w":16,"x":80,"y":0}],"type":1},{"layer":2,"loop":true,"path":"img/enemy/mushroom/mushroom_walk_anim_strip_8.png","rects":[{"h":16,"w":16,"x":0,"y":0},{"h":16,"w":16,"x":16,"y":0},{"h":16,"w":16,"x":32,"y":0},{"h":16,"w":16,"x":48,"y":0},{"h":16,"w":16,"x":64,"y":0},{"h":16,"w":16,"x":80,"y":0},{"h":16,"w":16,"x":96,"y":0},{"h":16,"w":16,"x":112,"y":0}],"type":1},{"layer":2,"loop":true,"path":"img/enemy/mushroom/mushroom_crushed_anim_strip_6.png","rects":[{"h":16,"w":16,"x":0,"y":0},{"h":16,"w":16,"x":16,"y":0},{"h":16,"w":16,"x":32,"y":0},{"h":16,"w":16,"x":48,"y":0},{"h":16,"w":16,"x":64,"y":0},{"h":16,"w":16,"x":80,"y":0}],"type":1},{"layer":2,"loop":true,"path":"img/enemy/mushroom/mushroom_crushed_anim_strip_6.png","rects":[{"h":16,"w":16,"x":0,"y":0},{"h":16,"w":16,"x":16,"y":0},{"h":16,"w":16,"x":32,"y":0},{"h":16,"w":16,"x":48,"y":0},{"h":16,"w":16,"x":64,"y":0},{"h":16,"w":16,"x":80,"y":0}],"type":1},{"layer":2,"loop":true,"path":"img/enemy/mushroom/mushroom_crushed_anim_strip_6.png","rects":[{"h":16,"w":16,"x":0,"y":0},{"h":16,"w":16,"x":16,"y":0},{"h":16,"w":16,"x":32,"y":0},{"h":16,"w":16,"x":48,"y":0},{"h":16,"w":16,"x":64,"y":0},{"h":16,"w":16,"x":80,"y":0}],"type":1},{"layer":2,"loop":true,"path":"img/enemy/mushroom/mushroom_crushed_anim_strip_6.png","rects":[{"h":16,"w":16,"x":0,"y":0},{"h":16,"w":16,"x":16,"y":0},{"h":16,"w":16,"x":32,"y":0},{"h":16,"w":16,"x":48,"y":0},{"h":16,"w":16,"x":64,"y":0},{"h":16,"w":16,"x":80,"y":0}],"type":1},{"layer":2,"loop":false,"path":"img/enemy/mushroom/mushroom_death_anim_strip_6.png","rects":[{"h":16,"w":16,"x":0,"y":0},{"h":16,"w":16,"x":16,"y":0},{"h":16,"w":16,"x":32,"y":0},{"h":16,"w":16,"x":48,"y":0},{"h":16,"w":16,"x":64,"y":0},{"h":16,"w":16,"x":80,"y":0}],"type":1}]},"physics":{"dynamic":true,"scale":0.0625,"speed":10.0,"type":1},"pos":{"x":507.8466796875,"y":39.75},"scripts":[{"type":0}],"state":{"dummy":false},"type":2},{"graphics":{"subs":[{"layer":2,"loop":true,"path":"img/enemy/mushroom/mushroom_crushed_anim_strip_6.png","rects":[{"h":16,"w":16,"x":0,"y":0},{"h":16,"w":16,"x":16,"y":0},{"h":16,"w":16,"x":32,"y":0},{"h":16,"w":16,"x":48,"y":0},{"h":16,"w":16,"x":64,"y":0},{"h":16,"w":16,"x":80,"y":0}],"type":1},{"layer":2,"loop":true,"path":"img/enemy/mushroom/mushroom_walk_anim_strip_8.png","rects":[{"h":16,"w":16,"x":0,"y":0},{"h":16,"w":16,"x":16,"y":0},{"h":16,"w":16,"x":32,"y":0},{"h":16,"w":16,"x":48,"y":0},{"h":16,"w":16,"x":64,"y":0},{"h":16,"w":16,"x":80,"y":0},{"h":16,"w":16,"x":96,"y":0},{"h":16,"w":16,"x":112,"y":0}],"type":1},{"layer":2,"loop":true,"path":"img/enemy/mushroom/mushroom_crushed_anim_strip_6.png","rects":[{"h":16,"w":16,"x":0,"y":0},{"h":16,"w":16,"x":16,"y":0},{"h":16,"w":16,"x":32,"y":0},{"h":16,"w":16,"x":48,"y":0},{"h":16,"w":16,"x":64,"y":0},{"h":16,"w":16,"x":80,"y":0}],"type":1},{"layer":2,"loop":true,"path":"img/enemy/mushroom/mushroom_crushed_anim_strip_6.png","rects":[{"h":16,"w":16,"x":0,"y":0},{"h":16,"w":16,"x":16,"y":0},{"h":16,"w":16,"x":32,"y":0},{"h":16,"w":16,"x":48,"y":0},{"h":16,"w":16,"x":64,"y":0},{"h":16,"w":16,"x":80,"y":0}],"type":1},{"layer":2,"loop":true,"path":"img/enemy/mushroom/mushroom_crushed_anim_strip_6.png","rects":[{"h":16,"w":16,"x":0,"y":0},{"h":16,"w":16,"x":16,"y":0},{"h":16,"w":16,"x":32,"y":0},{"h":16,"w":16,"x":48,"y":0},{"h":16,"w":16,"x":64,"y":0},{"h":16,"w":16,"x":80,"y":0}],"type":1},{"layer":2,"loop":true,"path":"img/enemy/mushroom/mushroom_crushed_anim_strip_6.png","rects":[{"h":16,"w":16,"x":0,"y":0},{"h":16,"w":16,"x":16,"y":0},{"h":16,"w":16,"x":32,"y":0},{"h":16,"w":16,"x":48,"y":0},{"h":16,"w":16,"x":64,"y":0},{"h":16,"w":16,"x":80,"y":0}],"type":1},{"layer":2,"loop":false,"path":"img/enemy/mushroom/mushroom_death_anim_strip_6.png","rects":[{"h":16,"w":16,"x":0,"y":0},{"h":16,"w":16,"x":16,"y":0},{"h":16,"w":16,"x":32,"y":0},{"h":16,"w":16,"x":48,"y":0},{"h":16,"w":16,"x":64,"y":0},{"h":16,"w":16,"x":80,"y":0}],"type":1}]},"physics":{"dynamic":true,"scale":0.0625,"speed":10.0,"type":1},"pos":{"x":585.9925537109375,"y":41.5},"scripts":[{"type":0}],"state":{"dummy":false},"type":2},{"graphics":{"subs":[{"layer":2,"loop":true,"path":"img/enemy/mushroom/mushroom_crushed_anim_strip_6.png","rects":[{"h":16,"w":16,"x":0,"y":0},{"h":16,"w":16,"x":16,"y":0},{"h":16,"w":16,"x":32,"y":0},{"h":16,"w":16,"x":48,"y":0},{"h":16,"w":16,"x":64,"y":0},{"h":16,"w":16,"x":80,"y":0}],"type":1},{"layer":2,"loop":true,"path":"img/enemy/mushroom/mushroom_walk_anim_strip_8.png","rects":[{"h":16,"w":16,"x":0,"y":0},{"h":16,"w":16,"x":16,"y":0},{"h":16,"w":16,"x":32,"y":0},{"h":16,"w":16,"x":48,"y":0},{"h":16,"w":16,"x":64,"y":0},{"h":16,"w":16,"x":80,"y":0},{"h":16,"w":16,"x":96,"y":0},{"h":16,"w":16,"x":112,"y":0}],"type":1},{"layer":2,"loop":true,"path":"img/enemy/mushroom/mushroom_crushed_anim_strip_6.png","rects":[{"h":16,"w":16,"x":0,"y":0},{"h":16,"w":16,"x":16,"y":0},{"h":16,"w":16,"x":32,"y":0},{"h":16,"w":16,"x":48,"y":0},{"h":16,"w":16,"x":64,"y":0},{"h":16,"w":16,"x":80,"y":0}],"type":1},{"layer":2,"loop":true,"path":"img/enemy/mushroom/mushroom_crushed_anim_strip_6.png","rects":[{"h":16,"w":16,"x":0,"y":0},{"h":16,"w":16,"x":16,"y":0},{"h":16,"w":16,"x":32,"y":0},{"h":16,"w":16,"x":48,"y":0},{"h":16,"w":16,"x":64,"y":0},{"h":16,"w":16,"x":80,"y":0}],"type":1},{"layer":2,"loop":true,"path":"img/enemy/mushroom/mushroom_crushed_anim_strip_6.png","rects":[{"h":16,"w":16,"x":0,"y":0},{"h":16,"w":16,"x":16,"y":0},{"h":16,"w":16,"x":32,"y":0},{"h":16,"w":16,"x":48,"y":0},{"h":16,"w":16,"x":64,"y":0},{"h":16,"w":16,"x":80,"y":0}],"type":1},{"layer":2,"loop":true,"path":"img/enemy/mushroom/mushroom_crushed_anim_strip_6.png","rects":[{"h":16,"w":16,"x":0,"y":0},{"h":16,"w":16,"x":16,"y":0},{"h":16,"w":16,"x":32,"y":0},{"h":16,"w":16,"x":48,"y":0},{"h":16,"w":16,"x":64,"y":0},{"h":16,"w":16,"x":80,"y":0}],"type":1},{"layer":2,"loop":false,"path":"img/enemy/mushroom/mushroom_death_anim_strip_6.png","rects":[{"h":16,"w":16,"x":0,"y":0},{"h":16,"w":16,"x":16,"y":0},{"h":16,"w":16,"x":32,"y":0},{"h":16,"w":16,"x":48,"y":0},{"h":16,"w":16,"x":64,"y":0},{"h":16,"w":16,"x":80,"y":0}],"type":1}]},"physics":{"dynamic":true,"scale":0.0625,"speed":10.0,"type":1},"pos":{"x":654.2603759765625,"y":41.0},"scripts":[{"type":0}],"state":{"dummy":false},"type":2},{"graphics":{"subs":[{"layer":2,"loop":true,"path":"img/enemy/mushroom/mushroom_crushed_anim_strip_6.png","rects":[{"h":16,"w":16,"x":0,"y":0},{"h":16,"w":16,"x":16,"y":0},{"h":16,"w":16,"x":32,"y":0},{"h":16,"w":16,"x":48,"y":0},{"h":16,"w":16,"x":64,"y":0},{"h":16,"w":16,"x":80,"y":0}],"type":1},{"layer":2,"loop":true,"path":"img/enemy/mushroom/mushroom_walk_anim_strip_8.png","rects":[{"h":16,"w":16,"x":0,"y":0},{"h":16,"w":16,"x":16,"y":0},{"h":16,"w":16,"x":32,"y":0},{"h":16,"w":16,"x":48,"y":0},{"h":16,"w":16,"x":64,"y":0},{"h":16,"w":16,"x":80,"y":0},{"h":16,"w":16,"x":96,"y":0},{"h":16,"w":16,"x":112,"y":0}],"type":1},{"layer":2,"loop":true,"path":"img/enemy/mushroom/mushroom_crushed_anim_strip_6.png","rects":[{"h":16,"w":16,"x":0,"y":0},{"h":16,"w":16,"x":16,"y":0},{"h":16,"w":16,"x":32,"y":0},{"h":16,"w":16,"x":48,"y":0},{"h":16,"w":16,"x":64,"y":0},{"h":16,"w":16,"x":80,"y":0}],"type":1},{"layer":2,"loop":true,"path":"img/enemy/mushroom/mushroom_crushed_anim_strip_6.png","rects":[{"h":16,"w":16,"x":0,"y":0},{"h":16,"w":16,"x":16,"y":0},{"h":16,"w":16,"x":32,"y":0},{"h":16,"w":16,"x":48,"y":0},{"h":16,"w":16,"x":64,"y":0},{"h":16,"w":16,"x":80,"y":0}],"type":1},{"layer":2,"loop":true,"path":"img/enemy/mushroom/mushroom_crushed_anim_strip_6.png","rects":[{"h":16,"w":16,"x":0,"y":0},{"h":16,"w":16,"x":16,"y":0},{"h":16,"w":16,"x":32,"y":0},{"h":16,"w":16,"x":48,"y":0},{"h":16,"w":16,"x":64,"y":0},{"h":16,"w":16,"x":80,"y":0}],"type":1},{"layer":2,"loop":true,"path":"img/enemy/mushroom/mushroom_crushed_anim_strip_6.png","rects":[{"h":16,"w":16,"x":0,"y":0},{"h":16,"w":16,"x":16,"y":0},{"h":16,"w":16,"x":32,"y":0},{"h":16,"w":16,"x":48,"y":0},{"h":16,"w":16,"x":64,"y":0},{"h":16,"w":16,"x":80,"y":0}],"type":1},{"layer":2,"loop":false,"path":"img/enemy/mushroom/mushroom_death_anim_strip_6.png","rects":[{"h":16,"w":16,"x":0,"y":0},{"h":16,"w":16,"x":16,"y":0},{"h":16,"w":16,"x":32,"y":0},{"h":16,"w":16,"x":48,"y":0},{"h":16,"w":16,"x":64,"y":0},{"h":16,"w":16,"x":80,"y":0}],"type":1}]},"physics":{"dynamic":true,"scale":0.0625,"speed":10.0,"type":1},"pos":{"x":394.5,"y":45.0},"scripts":[{"type":0}],"state":{"dummy":false},"type":2},{"graphics":{"subs":[{"layer":2,"loop":true,"path":"img/enemy/mushroom/mushroom_crushed_anim_strip_6.png","rects":[{"h":16,"w":16,"x":0,"y":0},{"h":16,"w":16,"x":16,"y":0},{"h":16,"w":16,"x":32,"y":0},{"h":16,"w":16,"x":48,"y":0},{"h":16,"w":16,"x":64,"y":0},{"h":16,"w":16,"x":80,"y":0}],"type":1},{"layer":2,"loop":true,"path":"img/enemy/mushroom/mushroom_walk_anim_strip_8.png","rects":[{"h":16,"w":16,"x":0,"y":0},{"h":16,"w":16,"x":16,"y":0},{"h":16,"w":16,"x":32,"y":0},{"h":16,"w":16,"x":48,"y":0},{"h":16,"w":16,"x":64,"y":0},{"h":16,"w":16,"x":80,"y":0},{"h":16,"w":16,"x":96,"y":0},{"h":16,"w":16,"x":112,"y":0}],"type":1},{"layer":2,"loop":true,"path":"img/enemy/mushroom/mushroom_crushed_anim_strip_6.png","rects":[{"h":16,"w":16,"x":0,"y":0},{"h":16,"w":16,"x":16,"y":0},{"h":16,"w":16,"x":32,"y":0},{"h":16,"w":16,"x":48,"y":0},{"h":16,"w":16,"x":64,"y":0},{"h":16,"w":16,"x":80,"y":0}],"type":1},{"layer":2,"loop":true,"path":"img/enemy/mushroom/mushroom_crushed_anim_strip_6.png","rects":[{"h":16,"w":16,"x":0,"y":0},{"h":16,"w":16,"x":16,"y":0},{"h":16,"w":16,"x":32,"y":0},{"h":16,"w":16,"x":48,"y":0},{"h":16,"w":16,"x":64,"y":0},{"h":16,"w":16,"x":80,"y":0}],"type":1},{"layer":2,"loop":true,"path":"img/enemy/mushroom/mushroom_crushed_anim_strip_6.png","rects":[{"h":16,"w":16,"x":0,"y":0},{"h":16,"w":16,"x":16,"y":0},{"h":16,"w":16,"x":32,"y":0},{"h":16,"w":16,"x":48,"y":0},{"h":16,"w":16,"x":64,"y":0},{"h":16,"w":16,"x":80,"y":0}],"type":1},{"layer":2,"loop":true,"path":"img/enemy/mushroom/mushroom_crushed_anim_strip_6.png","rects":[{"h":16,"w":16,"x":0,"y":0},{"h":16,"w":16,"x":16,"y":0},{"h":16,"w":16,"x":32,"y":0},{"h":16,"w":16,"x":48,"y":0},{"h":16,"w":16,"x":64,"y":0},{"h":16,"w":16,"x":80,"y":0}],"type":1},{"layer":2,"loop":false,"path":"img/enemy/mushroom/mushroom_death_anim_strip_6.png","rects":[{"h":16,"w":16,"x":0,"y":0},{"h":16,"w":16,"x":16,"y":0},{"h":16,"w":16,"x":32,"y":0},{"h":16,"w":16,"x":48,"y":0},{"h":16,"w":16,"x":64,"y":0},{"h":16,"w":16,"x":80,"y":0}],"type":1}]},"physics":{"dynamic":true,"scale":0.0625,"speed":10.0,"type":1},"pos":{"x":799.4769287109375,"y":46.5},"scripts":[{"type":0}],"state":{"dummy":false},"type":2},{"graphics":{"subs":[{"layer":2,"loop":true,"path":"img/enemy/mushroom/mushroom_crushed_anim_strip_6.png","rects":[{"h":16,"w":16,"x":0,"y":0},{"h":16,"w":16,"x":16,"y":0},{"h":16,"w":16,"x":32,"y":0},{"h":16,"w":16,"x":48,"y":0},{"h":16,"w":16,"x":64,"y":0},{"h":16,"w":16,"x":80,"y":0}],"type":1},{"layer":2,"loop":true,"path":"img/enemy/mushroom/mushroom_walk_anim_strip_8.png","rects":[{"h":16,"w":16,"x":0,"y":0},{"h":16,"w":16,"x":16,"y":0},{"h":16,"w":16,"x":32,"y":0},{"h":16,"w":16,"x":48,"y":0},{"h":16,"w":16,"x":64,"y":0},{"h":16,"w":16,"x":80,"y":0},{"h":16,"w":16,"x":96,"y":0},{"h":16,"w":16,"x":112,"y":0}],"type":1},{"layer":2,"loop":true,"path":"img/enemy/mushroom/mushroom_crushed_anim_strip_6.png","rects":[{"h":16,"w":16,"x":0,"y":0},{"h":16,"w":16,"x":16,"y":0},{"h":16,"w":16,"x":32,"y":0},{"h":16,"w":16,"x":48,"y":0},{"h":16,"w":16,"x":64,"y":0},{"h":16,"w":16,"x":80,"y":0}],"type":1},{"layer":2,"loop":true,"path":"img/enemy/mushroom/mushroom_crushed_anim_strip_6.png","rects":[{"h":16,"w":16,"x":0,"y":0},{"h":16,"w":16,"x":16,"y":0},{"h":16,"w":16,"x":32,"y":0},{"h":16,"w":16,"x":48,"y":0},{"h":16,"w":16,"x":64,"y":0},{"h":16,"w":16,"x":80,"y":0}],"type":1},{"layer":2,"loop":true,"path":"img/enemy/mushroom/mushroom_crushed_anim_strip_6.png","rects":[{"h":16,"w":16,"x":0,"y":0},{"h":16,"w":16,"x":16,"y":0},{"h":16,"w":16,"x":32,"y":0},{"h":16,"w":16,"x":48,"y":0},{"h":16,"w":16,"x":64,"y":0},{"h":16,"w":16,"x":80,"y":0}],"type":1},{"layer":2,"loop":true,"path":"img/enemy/mushroom/mushroom_crushed_anim_strip_6.png","rects":[{"h":16,"w":16,"x":0,"y":0},{"h":16,"w":16,"x":16,"y":0},{"h":16,"w":16,"x":32,"y":0},{"h":16,"w":16,"x":48,"y":0},{"h":16,"w":16,"x":64,"y":0},{"h":16,"w":16,"x":80,"y":0}],"type":1},{"layer":2,"loop":false,"path":"img/enemy/mushroom/mushroom_death_anim_strip_6.png","rects":[{"h":16,"w":16,"x":0,"y":0},{"h":16,"w":16,"x":16,"y":0},{"h":16,"w":16,"x":32,"y":0},{"h":16,"w":16,"x":48,"y":0},{"h":16,"w":16,"x":64,"y":0},{"h":16,"w":16,"x":80,"y":0}],"type":1}]},"physics":{"dynamic":true,"scale":0.0625,"speed":10.0,"type":1},"pos":{"x":1182.75,"y":40.25},"scripts":[{"type":0}],"state":{"dummy":false},"type":2},{"graphics":{"subs":[{"layer":2,"loop":true,"path":"img/enemy/mushroom/mushroom_crushed_anim_strip_6.png","rects":[{"h":16,"w":16,"x":0,"y":0},{"h":16,"w":16,"x":16,"y":0},{"h":16,"w":16,"x":32,"y":0},{"h":16,"w":16,"x":48,"y":0},{"h":16,"w":16,"x":64,"y":0},{"h":16,"w":16,"x":80,"y":0}],"type":1},{"layer":2,"loop":true,"path":"img/enemy/mushroom/mushroom_walk_anim_strip_8.png","rects":[{"h":16,"w":16,"x":0,"y":0},{"h":16,"w":16,"x":16,"y":0},{"h":16,"w":16,"x":32,"y":0},{"h":16,"w":16,"x":48,"y":0},{"h":16,"w":16,"x":64,"y":0},{"h":16,"w":16,"x":80,"y":0},{"h":16,"w":16,"x":96,"y":0},{"h":16,"w":16,"x":112,"y":0}],"type":1},{"layer":2,"loop":true,"path":"img/enemy/mushroom/mushroom_crushed_anim_strip_6.png","rects":[{"h":16,"w":16,"x":0,"y":0},{"h":16,"w":16,"x":16,"y":0},{"h":16,"w":16,"x":32,"y":0},{"h":16,"w":16,"x":48,"y":0},{"h":16,"w":16,"x":64,"y":0},{"h":16,"w":16,"x":80,"y":0}],"type":1},{"layer":2,"loop":true,"path":"img/enemy/mushroom/mushroom_crushed_anim_strip_6.png","rects":[{"h":16,"w":16,"x":0,"y":0},{"h":16,"w":16,"x":16,"y":0},{"h":16,"w":16,"x":32,"y":0},{"h":16,"w":16,"x":48,"y":0},{"h":16,"w":16,"x":64,"y":0},{"h":16,"w":16,"x":80,"y":0}],"type":1},{"layer":2,"loop":true,"path":"img/enemy/mushroom/mushroom_crushed_anim_strip_6.png","rects":[{"h":16,"w":16,"x":0,"y":0},{"h":16,"w":16,"x":16,"y":0},{"h":16,"w":16,"x":32,"y":0},{"h":16,"w":16,"x":48,"y":0},{"h":16,"w":16,"x":64,"y":0},{"h":16,"w":16,"x":80,"y":0}],"type":1},{"layer":2,"loop":true,"path":"img/enemy/mushroom/mushroom_crushed_anim_strip_6.png","rects":[{"h":16,"w":16,"x":0,"y":0},{"h":16,"w":16,"x":16,"y":0},{"h":16,"w":16,"x":32,"y":0},{"h":16,"w":16,"x":48,"y":0},{"h":16,"w":16,"x":64,"y":0},{"h":16,"w":16,"x":80,"y":0}],"type":1},{"layer":2,"loop":false,"path":"img/enemy/mushroom/mushroom_death_anim_strip_6.png","rects":[{"h":16,"w":16,"x":0,"y":0},{"h":16,"w":16,"x":16,"y":0},{"h":16,"w":16,"x":32,"y":0},{"h":16,"w":16,"x":48,"y":0},{"h":16,"w":16,"x":64,"y":0},{"h":16,"w":16,"x":80,"y":0}],"type":1}]},"physics":{"dynamic":true,"scale":0.0625,"speed":10.0,"type":1},"pos":{"x":1036.03564453125,"y":39.5},"scripts":[{"type":0}],"state":{"dummy":false},"type":2}],"height":10,"initial_position":{"x":32.0,"y":32.0},"tiles":[[{"destructible":false,"id":18,"passable":true},{"destructible":false,"id":2,"passable":false},{"destructible":false,"id":142,"passable":false},{"destructible":false,"id":111,"passable":false},{"destructible":false,"id":142,"passable":false},{"destructible":false,"id":142,"passable":false},{"destructible":false,"id":142,"passable":false},{"destructible":false,"id":111,"passable":false},{"destructible":false,"id":111,"passable":false},{"destructible":false,"id":111,"passable":false}],[{"destructible":false,"id":18,"passable":true},{"destructible":false,"id":2,"passable":false},{"destructible":false,"id":0,"passable":true},{"destructible":false,"id":0,"passable":true},{"destructible":false,"id":0,"passable":true},{"destructible":false,"id":0,"passable":true},{"destructible":false,"id":0,"passable":true},{"destructible":false,"id":0,"passable":true},{"destructible":false,"id":0,"passable":true},{"destructible":false,"id":0,"passable":true}],[{"destructible":false,"id":18,"passable":true},{"destructible":false,"id":2,"passable":false},{"destructible":false,"id":0,"passable":true},{"destructible":false,"id":0,"passable":true},{"destructible":false,"id":0,"passable":true},{"destructible":false,"id":0,"passable":true},{"destructible":false,"id":0,"passable":true},{"destructible":false,"id":0,"passable":true},{"destructible":false,"id":0,"passable":true},{"destructible":false,"id":0,"passable":true}],[{"destructible":false,"id":18,"passable":true},{"destructible":false,"id":2,"passable":false},{"destructible":false,"id":0,"passable":true},{"destructible":false,"id":0,"passable":true},{"destructible":false,"id":0,"passable":true},{"destructible":false,"id":0,"passable":true},{"destructible":false,"id":0,"passable":true},{"destructible":false,"id":0,"passable":true},{"destructible":false,"id":0,"passable":true},{"destructible":false,"id":0,"passable":true}],[{"destructible":false,"id":18,"passable":true},{"destructible":false,"id":2,"passable":false},{"destructible":false,"id":0,"passable":true},{"destructible":false,"id":0,"passable":true},{"destructible":false,"id":0,"passable":true},{"destructible":false,"id":0,"passable":true},{"destructible":false,"id":0,"passable":true},{"destructible":false,"id":0,"passable":true},{"destructible":false,"id":0,"passable":true},{"destructible":false,"id":0,"passable":true}],[{"destructible":false,"id":18,"passable":true},{"destructible":false,"id":2,"passable":false},{"destructible":false,"id":0,"passable":true},{"destructible":false,"id":0,"passable":true},{"destructible":false,"id":0,"passable":true},{"destructible":false,"id":0,"passable":true},{"destructible":false,"id":0,"passable":true},{"destructible":false,"id":0,"passable":true},{"destructible":false,"id":0,"passable":true},{"destructible":false,"id":0,"passable":true}],[{"destructible":false,"id":18,"passable":true},{"destructible":false,"id":2,"passable":false},{"destructible":false,"id":0,"passable":true},{"destructible":false,"id":0,"passable":true},{"destructible":false,"id":0,"passable":true},{"destructible":false,"id":0,"passable":true},{"destructible":false,"id":0,"passable":true},{"destructible":false,"id":0,"passable":true},{"destructible":false,"id":0,"passable":true},{"destructible":false,"id":21,"passable":true}],[{"destructible":false,"id":18,"passable":true},{"destructible":false,"id":2,"passable":false},{"destructible":false,"id":0,"passable":true},{"destructible":false,"id":0,"passable":true},{"destructible":false,"id":0,"passable":true},{"destructible":false,"id":0,"passable":true},{"destructible":false,"id":0,"passable":true},{"destructible":false,"id":0,"passable":true},{"destructible":false,"id":0,"passable":true},{"destructible":false,"id":21,"passable":true}],[{"destructible":false,"id":18,"passable":true},{"destructible":false,"id":2,"passable":false},{"destructible":false,"id":0,"passable":true},{"destructible":false,"id":0,"passable":true},{"destructible":false,"id":0,"passable":true},{"destructible":false,"id":0,"passable":true},{"destructible":false,"id":0,"passable":true},{"destructible":false,"id":0,"passable":true},{"destructible":false,"id":0,"passable":true},{"destructible":false,"id":0,"passable":true}],[{"destructible":false,"id":18,"passable":true},{"destructible":false,"id":2,"passable":false},{"destructible":false,"id":191,"passable":true},{"destructible":false,"id":0,"passable":true},{"destructible":false,"id":0,"passable":true},{"destructible":false,"id":0,"passable":true},{"destructible":false,"id":0,"passable":true},{"destructible":false,"id":0,"passable":true},{"destructible":false,"id":0,"passable":true},{"destructible":false,"id":0,"passable":true}],[{"destructible":false,"id":18,"passable":true},{"destructible":false,"id":2,"passable":false},{"destructible":false,"id":0,"passable":true},{"destructible":false,"id":0,"passable":true},{"destructible":false,"id":0,"passable":true},{"destructible":false,"id":0,"passable":true},{"destructible":false,"id":0,"passable":true},{"destructible":false,"id":0,"passable":true},{"destructible":false,"id":21,"passable":true},{"destructible":false,"id":0,"passable":true}],[{"destructible":false,"id":18,"passable":true},{"destructible":false,"id":2,"passable":false},{"destructible":false,"id":0,"passable":true},{"destructible":false,"id":0,"passable":true},{"destructible":false,"id":0,"passable":true},{"destructible":false,"id":0,"passable":true},{"destructible":false,"id":0,"passable":true},{"destructible":false,"id":0,"passable":true},{"destructible":false,"id":0,"passable":true},{"destructible":false,"id":0,"passable":true}],[{"destructible":false,"id":18,"passable":true},{"destructible":false,"id":2,"passable":false},{"destructible":false,"id":0,"passable":true},{"destructible":false,"id":0,"passable":true},{"destructible":false,"id":48,"passable":false},{"destructible":false,"id":0,"passable":true},{"destructible":false,"id":0,"passable":true},{"destructible":false,"id":0,"passable":true},{"destructible":false,"id":0,"passable":true},{"destructible":false,"id":21,"passable":true}],[{"destructible":false,"id":18,"passable":true},{"destructible":false,"id":2,"passable":false},{"destructible":false,"id":0,"passable":true},{"destructible":false,"id":0,"passable":true},{"destructible":false,"id":0,"passable":true},{"destructible":false,"id":0,"passable":true},{"destructible":false,"id":0,"passable":true},{"destructible":false,"id":0,"passable":true},{"destructible":false,"id":21,"passable":true},{"destructible":false,"id":21,"passable":true}],[{"destructible":false,"id":18,"passable":true},{"destructible":false,"id":2,"passable":false},{"destructible":false,"id":0,"passable":true},{"destructible":false,"id":0,"passable":true},{"destructible":false,"id":0,"passable":true},{"destructible":false,"id":0,"passable":true},{"destructible":false,"id":0,"passable":true},{"destructible":false,"id":0,"passable":true},{"destructible":false,"id":0,"passable":true},{"destructible":false,"id":0,"passable":true}],[{"destructible":false,"id":18,"passable":true},{"destructible":false,"id":2,"passable":false},{"destructible":false,"id":0,"passable":true},{"destructible":false,"id":0,"passable":true},{"destructible":false,"id":0,"passable":true},{"destructible":false,"id":0,"passable":true},{"destructible":false,"id":21,"passable":true},{"destructible":false,"id":0,"passable":true},{"destructible":false,"id":0,"passable":true},{"destructible":false,"id":21,"passable":true}],[{"destructible":false,"id":18,"passable":true},{"destructible":false,"id":2,"passable":false},{"destructible":false,"id":0,"passable":true},{"destructible":false,"id":0,"passable":true},{"destructible":false,"id":0,"passable":true},{"destructible":false,"id":0,"passable":true},{"destructible":false,"id":21,"passable":true},{"destructible":false,"id":21,"passable":true},{"destructible":false,"id":21,"passable":true},{"destructible":false,"id":0,"passable":true}],[{"destructible":false,"id":18,"passable":true},{"destructible":false,"id":2,"passable":false},{"destructible":false,"id":0,"passable":true},{"destructible":false,"id":21,"passable":true},{"destructible":false,"id":64,"passable":false},{"destructible":false,"id":0,"passable":true},{"destructible":false,"id":0,"passable":true},{"destructible":false,"id":21,"passable":true},{"destructible":false,"id":0,"passable":true},{"destructible":false,"id":0,"passable":true}],[{"destructible":false,"id":18,"passable":true},{"destructible":false,"id":2,"passable":false},{"destructible":false,"id":0,"passable":true},{"destructible":false,"id":0,"passable":true},{"destructible":false,"id":48,"passable":false},{"destructible":false,"id":21,"passable":true},{"destructible":false,"id":0,"passable":true},{"destructible":false,"id":0,"passable":true},{"destructible":false,"id":21,"passable":true},{"destructible":false,"id":0,"passable":true}],[{"destructible":false,"id":18,"passable":true},{"destructible":false,"id":2,"passable":false},{"destructible":false,"id":0,"passable":true},{"destructible":false,"id":0,"passable":true},{"destructible":true,"id":16,"passable":false},{"destructible":false,"id":0,"passable":true},{"destructible":false,"id":0,"passable":true},{"destructible":false,"id":48,"passable":false},{"destructible":false,"id":21,"passable":true},{"destructible":false,"id":0,"passable":true}],[{"destructible":false,"id":18,"passable":true},{"destructible":false,"id":2,"passable":false},{"destructible":false,"id":0,"passable":true},{"destructible":false,"id":0,"passable":true},{"destructible":false,"id":48,"passable":false},{"destructible":false,"id":0,"passable":true},{"destructible":false,"id":0,"passable":true},{"destructible":false,"id":0,"passable":true},{"destructible":false,"id":21,"passable":true},{"destructible":false,"id":0,"passable":true}],[{"destructible":false,"id":18,"passable":true},{"destructible":false,"id":2,"passable":false},{"destructible":false,"id":191,"passable":true},{"destructible":false,"id":0,"passable":true},{"destructible":true,"id":16,"passable":false},{"destructible":false,"id":0,"passable":true},{"destructible":false,"id":0,"passable":true},{"destructible":false,"id":21,"passable":true},{"destructible":false,"id":21,"passable":true},{"destructible":false,"id":0,"passable":true}],[{"destructible":false,"id":18,"passable":true},{"destructible":false,"id":2,"passable":false},{"destructible":false,"id":0,"passable":true},{"destructible":false,"id":0,"passable":true},{"destructible":false,"id":0,"passable":true},{"destructible":false,"id":0,"passable":true},{"destructible":false,"id":0,"passable":true},{"destructible":false,"id":0,"passable":true},{"destructible":false,"id":0,"passable":true},{"destructible":false,"id":0,"passable":true}],[{"destructible":false,"id":18,"passable":true},{"destructible":false,"id":2,"passable":false},{"destructible":false,"id":0,"passable":true},{"destructible":false,"id":0,"passable":true},{"destructible":false,"id":0,"passable":true},{"destructible":false,"id":0,"passable":true},{"destructible":false,"id":0,"passable":true},{"destructible":false,"id":0,"passable":true},{"destructible":false,"id":0,"passable":true},{"destructible":false,"id":0,"passable":true}],[{"destructible":false,"id":18,"passable":true},{"destructible":false,"id":2,"passable":false},{"destructible":false,"id":0,"passable":true},{"destructible":false,"id":0,"passable":true},{"destructible":false,"id":0,"passable":true},{"destructible":false,"id":0,"passable":true},{"destructible":false,"id":0,"passable":true},{"destructible":false,"id":0,"passable":true},{"destructible":false,"id":0,"passable":true},{"destructible":false,"id":0,"passable":true}],[{"destructible":false,"id":18,"passable":true},{"destructible":false,"id":2,"passable":false},{"destructible":false,"id":0,"passable":true},{"destructible":false,"id":0,"passable":true},{"destructible":false,"id":0,"passable":true},{"destructible":false,"id":0,"passable":true},{"destructible":false,"id":0,"passable":true},{"destructible":false,"id":0,"passable":true},{"destructible":false,"id":0,"passable":true},{"destructible":false,"id":0,"passable":true}],[{"destructible":false,"id":18,"passable":true},{"destructible":false,"id":2,"passable":false},{"destructible":false,"id":140,"passable":false},{"destructible":false,"id":124,"passable":false},{"destructible":false,"id":0,"passable":true},{"destructible":false,"id":0,"passable":true},{"destructible":false,"id":0,"passable":true},{"destructible":false,"id":0,"passable":true},{"destructible":false,"id":0,"passable":true},{"destructible":false,"id":0,"passable":true}],[{"destructible":false,"id":18,"passable":true},{"destructible":false,"id":2,"passable":false},{"destructible":false,"id":142,"passable":false},{"destructible":false,"id":126,"passable":false},{"destructible":false,"id":0,"passable":true},{"destructible":false,"id":0,"passable":true},{"destructible":false,"id":0,"passable":true},{"destructible":false,"id":0,"passable":true},{"destructible":false,"id":0,"passable":true},{"destructible":false,"id":0,"passable":true}],[{"destructible":false,"id":18,"passable":true},{"destructible":false,"id":2,"passable":false},{"destructible":false,"id":0,"passable":true},{"destructible":false,"id":0,"passable":true},{"destructible":false,"id":0,"passable":true},{"destructible":false,"id":0,"passable":true},{"destructible":false,"id":0,"passable":true},{"destructible":false,"id":0,"passable":true},{"destructible":false,"id":0,"passable":true},{"destructible":false,"id":0,"passable":true}],[{"destructible":false,"id":18,"passable":true},{"destructible":false,"id":2,"passable":false},{"destructible":false,"id":191,"passable":true},{"destructible":false,"id":0,"passable":true},{"destructible":false,"id":0,"passable":true},{"destructible":false,"id":0,"passable":true},{"destructible":false,"id":0,"passable":true},{"destructible":false,"id":0,"passable":true},{"destructible":false,"id":0,"passable":true},{"destructible":false,"id":0,"passable":true}],[{"destructible":false,"id":18,"passable":true},{"destructible":false,"id":2,"passable":false},{"destructible":false,"id":0,"passable":true},{"destructible":false,"id":0,"passable":true},{"destructible":false,"id":0,"passable":true},{"destructible":false,"id":0,"passable":true},{"destructible":false,"id":0,"passable":true},{"destructible":false,"id":0,"passable":true},{"destructible":false,"id":0,"passable":true},{"destructible":false,"id":0,"passable":true}],[{"destructible":false,"id":18,"passable":true},{"destructible":false,"id":2,"passable":false},{"destructible":false,"id":0,"passable":true},{"destructible":false,"id":0,"passable":true},{"destructible":false,"id":0,"passable":true},{"destructible":false,"id":0,"passable":true},{"destructible":false,"id":0,"passable":true},{"destructible":false,"id":0,"passable":true},{"destructible":false,"id":0,"passable":true},{"destructible":false,"id":0,"passable":true}],[{"destructible":false,"id":18,"passable":true},{"destructible":false,"id":2,"passable":false},{"destructible":false,"id":0,"passable":true},{"destructible":false,"id":0,"passable":true},{"destructible":false,"id":0,"passable":true},{"destructible":false,"id":0,"passable":true},{"destructible":false,"id":0,"passable":true},{"destructible":false,"id":0,"passable":true},{"destructible":false,"id":0,"passable":true},{"destructible":false,"id":0,"passable":true}],[{"destructible":false,"id":18,"passable":true},{"destructible":false,"id":2,"passable":false},{"destructible":false,"id":140,"passable":false},{"destructible":false,"id":140,"passable":false},{"destructible":false,"id":124,"passable":false},{"destructible":false,"id":0,"passable":true},{"destructible":false,"id":0,"passable":true},{"destructible":false,"id":0,"passable":true},{"destructible":false,"id":0,"passable":true},{"destructible":false,"id":0,"passable":true}],[{"destructible":false,"id":18,"passable":true},{"destructible":false,"id":2,"passable":false},{"destructible":false,"id":142,"passable":false},{"destructible":false,"id":142,"passable":false},{"destructible":false,"id":126,"passable":false},{"destructible":false,"id":0,"passable":true},{"destructible":false,"id":0,"passable":true},{"destructible":false,"id":0,"passable":true},{"destructible":false,"id":0,"passable":true},{"destructible":false,"id":0,"passable":true}],[{"destructible":false,"id":18,"passable":true},{"destructible":false,"id":2,"passable":false},{"destructible":false,"id":0,"passable":true},{"destructible":false,"id":0,"passable":true},{"destructible":false,"id":0,"passable":true},{"destructible":false,"id":0,"passable":true},{"destructible":false,"id":0,"passable":true},{"destructible":false,"id":0,"passable":true},{"destructible":false,"id":0,"passable":true},{"destructible":false,"id":0,"passable":true}],[{"destructible":false,"id":18,"passable":true},{"destructible":false,"id":2,"passable":false},{"destructible":false,"id":0,"passable":true},{"destructible":false,"id":0,"passable":true},{"destructible":false,"id":0,"passable":true},{"destructible":false,"id":0,"passable":true},{"destructible":false,"id":0,"passable":true},{"destructible":false,"id":0,"passable":true},{"destructible":false,"id":0,"passable":true},{"destructible":false,"id":0,"passable":true}],[{"destructible":false,"id":18,"passable":true},{"destructible":false,"id":2,"passable":false},{"destructible":false,"id":171,"passable":true},{"destructible":false,"id":155,"passable":true},{"destructible":false,"id":139,"passable":true},{"destructible":false,"id":0,"passable":true},{"destructible":false,"id":0,"passable":true},{"destructible":false,"id":0,"passable":true},{"destructible":false,"id":0,"passable":true},{"destructible":false,"id":0,"passable":true}],[{"destructible":false,"id":18,"passable":true},{"destructible":false,"id":2,"passable":false},{"destructible":false,"id":0,"passable":true},{"destructible":false,"id":0,"passable":true},{"destructible":false,"id":0,"passable":true},{"destructible":false,"id":0,"passable":true},{"destructible":false,"id":0,"passable":true},{"destructible":false,"id":0,"passable":true},{"destructible":false,"id":0,"passable":true},{"destructible":false,"id":0,"passable":true}],[{"destructible":false,"id":18,"passable":true},{"destructible":false,"id":2,"passable":false},{"destructible":false,"id":0,"passable":true},{"destructible":false,"id":0,"passable":true},{"destructible":false,"id":0,"passable":true},{"destructible":false,"id":0,"passable":true},{"destructible":false,"id":0,"passable":true},{"destructible":false,"id":0,"passable":true},{"destructible":false,"id":0,"passable":true},{"destructible":false,"id":0,"passable":true}],[{"destructible":false,"id":18,"passable":true},{"destructible":false,"id":2,"passable":false},{"destructible":false,"id":0,"passable":true},{"destructible":false,"id":0,"passable":true},{"destructible":false,"id":0,"passable":true},{"destructible":false,"id":0,"passable":true},{"destructible":false,"id":0,"passable":true},{"destructible":false,"id":0,"passable":true},{"destructible":false,"id":0,"passable":true},{"destructible":false,"id":0,"passable":true}],[{"destructible":false,"id":18,"passable":true},{"destructible":false,"id":2,"passable":false},{"destructible":false,"id":0,"passable":true},{"destructible":false,"id":0,"passable":true},{"destructible":false,"id":0,"passable":true},{"destructible":false,"id":0,"passable":true},{"destructible":false,"id":0,"passable":true},{"destructible":false,"id":0,"passable":true},{"destructible":false,"id":0,"passable":true},{"destructible":false,"id":76,"passable":true}],[{"destructible":false,"id":18,"passable":true},{"destructible":false,"id":2,"passable":false},{"destructible":false,"id":62,"passable":true},{"destructible":false,"id":62,"passable":true},{"destructible":false,"id":0,"passable":true},{"destructible":false,"id":0,"passable":true},{"destructible":false,"id":0,"passable":true},{"destructible":false,"id":0,"passable":true},{"destructible":false,"id":0,"passable":true},{"destructible":false,"id":0,"passable":true}],[{"destructible":false,"id":18,"passable":true},{"destructible":false,"id":2,"passable":false},{"destructible":false,"id":140,"passable":false},{"destructible":false,"id":140,"passable":false},{"destructible":false,"id":124,"passable":false},{"destructible":false,"id":0,"passable":true},{"destructible":false,"id":0,"passable":true},{"destructible":false,"id":0,"passable":true},{"destructible":false,"id":0,"passable":true},{"destructible":false,"id":0,"passable":false}],[{"destructible":false,"id":18,"passable":true},{"destructible":false,"id":2,"passable":false},{"destructible":false,"id":142,"passable":false},{"destructible":false,"id":142,"passable":false},{"destructible":false,"id":126,"passable":false},{"destructible":false,"id":0,"passable":true},{"destructible":false,"id":0,"passable":true},{"destructible":false,"id":0,"passable":true},{"destructible":false,"id":0,"passable":true},{"destructible":false,"id":0,"passable":true}],[{"destructible":false,"id":18,"passable":true},{"destructible":false,"id":2,"passable":false},{"destructible":false,"id":0,"passable":true},{"destructible":false,"id":0,"passable":true},{"destructible":false,"id":0,"passable":true},{"destructible":false,"id":0,"passable":true},{"destructible":false,"id":0,"passable":true},{"destructible":false,"id":0,"passable":true},{"destructible":false,"id":0,"passable":true},{"destructible":false,"id":0,"passable":true}],[{"destructible":false,"id":18,"passable":true},{"destructible":false,"id":2,"passable":false},{"destructible":false,"id":0,"passable":true},{"destructible":false,"id":0,"passable":true},{"destructible":false,"id":0,"passable":true},{"destructible":false,"id":0,"passable":true},{"destructible":false,"id":0,"passable":true},{"destructible":false,"id":0,"passable":true},{"destructible":false,"id":0,"passable":true},{"destructible":false,"id":0,"passable":true}],[{"destructible":false,"id":18,"passable":true},{"destructible":false,"id":2,"passable":false},{"destructible":false,"id":191,"passable":true},{"destructible":false,"id":248,"passable":true},{"destructible":false,"id":0,"passable":true},{"destructible":false,"id":0,"passable":true},{"destructible":false,"id":0,"passable":true},{"destructible":false,"id":0,"passable":true},{"destructible":false,"id":0,"passable":true},{"destructible":false,"id":63,"passable":true}],[{"destructible":false,"id":18,"passable":true},{"destructible":false,"id":2,"passable":false},{"destructible":false,"id":0,"passable":true},{"destructible":false,"id":0,"passable":true},{"destructible":false,"id":0,"passable":true},{"destructible":false,"id":0,"passable":true},{"destructible":false,"id":0,"passable":true},{"destructible":false,"id":0,"passable":true},{"destructible":false,"id":0,"passable":true},{"destructible":false,"id":0,"passable":true}],[{"destructible":false,"id":18,"passable":true},{"destructible":false,"id":2,"passable":false},{"destructible":false,"id":0,"passable":true},{"destructible":false,"id":0,"passable":true},{"destructible":false,"id":0,"passable":true},{"destructible":false,"id":0,"passable":true},{"destructible":false,"id":0,"passable":true},{"destructible":false,"id":0,"passable":true},{"destructible":false,"id":0,"passable":true},{"destructible":false,"id":0,"passable":true}],[{"destructible":false,"id":18,"passable":true},{"destructible":false,"id":2,"passable":false},{"destructible":false,"id":0,"passable":true},{"destructible":false,"id":0,"passable":true},{"destructible":false,"id":0,"passable":true},{"destructible":false,"id":48,"passable":false},{"destructible":false,"id":0,"passable":true},{"destructible":false,"id":0,"passable":true},{"destructible":false,"id":0,"passable":true},{"destructible":false,"id":0,"passable":true}],[{"destructible":false,"id":18,"passable":true},{"destructible":false,"id":2,"passable":false},{"destructible":false,"id":0,"passable":true},{"destructible":false,"id":0,"passable":true},{"destructible":false,"id":0,"passable":true},{"destructible":true,"id":16,"passable":false},{"destructible":false,"id":0,"passable":true},{"destructible":false,"id":0,"passable":true},{"destructible":false,"id":0,"passable":true},{"destructible":false,"id":0,"passable":true}],[{"destructible":false,"id":18,"passable":true},{"destructible":false,"id":2,"passable":false},{"destructible":false,"id":0,"passable":true},{"destructible":false,"id":0,"passable":true},{"destructible":false,"id":0,"passable":true},{"destructible":false,"id":0,"passable":true},{"destructible":false,"id":0,"passable":true},{"destructible":false,"id":0,"passable":true},{"destructible":false,"id":0,"passable":true},{"destructible":false,"id":0,"passable":true}],[{"destructible":false,"id":18,"passable":true},{"destructible":false,"id":2,"passable":false},{"destructible":false,"id":0,"passable":true},{"destructible":false,"id":0,"passable":true},{"destructible":false,"id":0,"passable":true},{"destructible":false,"id":0,"passable":true},{"destructible":false,"id":0,"passable":true},{"destructible":false,"id":0,"passable":true},{"destructible":false,"id":0,"passable":true},{"destructible":false,"id":0,"passable":true}],[{"destructible":false,"id":19,"passable":false},{"destructible":false,"id":3,"passable":false},{"destructible":false,"id":95,"passable":false},{"destructible":false,"id":0,"passable":true},{"destructible":false,"id":0,"passable":true},{"destructible":false,"id":0,"passable":true},{"destructible":false,"id":0,"passable":true},{"destructible":false,"id":0,"passable":true},{"destructible":false,"id":0,"passable":true},{"destructible":false,"id":0,"passable":true}],[{"destructible":false,"id":254,"passable":true},{"destructible":false,"id":174,"passable":true},{"destructible":false,"id":0,"passable":true},{"destructible":false,"id":0,"passable":true},{"destructible":false,"id":0,"passable":true},{"destructible":false,"id":0,"passable":true},{"destructible":false,"id":0,"passable":true},{"destructible":false,"id":0,"passable":true},{"destructible":false,"id":0,"passable":true},{"destructible":false,"id":0,"passable":true}],[{"destructible":false,"id":254,"passable":true},{"destructible":false,"id":174,"passable":true},{"destructible":false,"id":0,"passable":true},{"destructible":false,"id":0,"passable":true},{"destructible":false,"id":0,"passable":true},{"destructible":false,"id":0,"passable":true},{"destructible":false,"id":0,"passable":true},{"destructible":false,"id":0,"passable":true},{"destructible":false,"id":0,"passable":true},{"destructible":false,"id":0,"passable":true}],[{"destructible":false,"id":254,"passable":true},{"destructible":false,"id":174,"passable":true},{"destructible":false,"id":0,"passable":true},{"destructible":false,"id":0,"passable":true},{"destructible":false,"id":0,"passable":true},{"destructible":false,"id":0,"passable":true},{"destructible":false,"id":0,"passable":true},{"destructible":false,"id":0,"passable":true},{"destructible":false,"id":0,"passable":true},{"destructible":false,"id":0,"passable":true}],[{"destructible":false,"id":254,"passable":true},{"destructible":false,"id":174,"passable":true},{"destructible":false,"id":0,"passable":true},{"destructible":false,"id":0,"passable":true},{"destructible":false,"id":0,"passable":true},{"destructible":false,"id":0,"passable":true},{"destructible":false,"id":0,"passable":true},{"destructible":false,"id":0,"passable":true},{"destructible":false,"id":0,"passable":true},{"destructible":false,"id":0,"passable":true}],[{"destructible":false,"id":17,"passable":false},{"destructible":false,"id":1,"passable":false},{"destructible":false,"id":95,"passable":false},{"destructible":false,"id":0,"passable":true},{"destructible":false,"id":0,"passable":true},{"destructible":false,"id":0,"passable":true},{"destructible":false,"id":0,"passable":true},{"destructible":false,"id":0,"passable":true},{"destructible":false,"id":0,"passable":true},{"destructible":false,"id":0,"passable":true}],[{"destructible":false,"id":18,"passable":true},{"destructible":false,"id":2,"passable":false},{"destructible":false,"id":0,"passable":true},{"destructible":false,"id":0,"passable":true},{"destructible":false,"id":0,"passable":true},{"destructible":false,"id":0,"passable":true},{"destructible":false,"id":0,"passable":true},{"destructible":false,"id":0,"passable":true},{"destructible":false,"id":0,"passable":true},{"destructible":false,"id":0,"passable":true}],[{"destructible":false,"id":18,"passable":true},{"destructible":false,"id":2,"passable":false},{"destructible":false,"id":191,"passable":true},{"destructible":false,"id":0,"passable":true},{"destructible":false,"id":0,"passable":true},{"destructible":false,"id":0,"passable":true},{"destructible":false,"id":0,"passable":true},{"destructible":false,"id":0,"passable":true},{"destructible":false,"id":0,"passable":true},{"destructible":false,"id":0,"passable":true}],[{"destructible":false,"id":18,"passable":true},{"destructible":false,"id":2,"passable":false},{"destructible":false,"id":0,"passable":true},{"destructible":false,"id":0,"passable":true},{"destructible":false,"id":0,"passable":true},{"destructible":false,"id":0,"passable":true},{"destructible":false,"id":0,"passable":true},{"destructible":false,"id":0,"passable":true},{"destructible":false,"id":0,"passable":true},{"destructible":false,"id":0,"passable":true}],[{"destructible":false,"id":18,"passable":true},{"destructible":false,"id":2,"passable":false},{"destructible":false,"id":0,"passable":true},{"destructible":false,"id":0,"passable":true},{"destructible":false,"id":0,"passable":true},{"destructible":false,"id":0,"passable":true},{"destructible":false,"id":0,"passable":true},{"destructible":false,"id":0,"passable":true},{"destructible":false,"id":0,"passable":true},{"destructible":false,"id":0,"passable":true}],[{"destructible":false,"id":18,"passable":true},{"destructible":false,"id":2,"passable":false},{"destructible":false,"id":0,"passable":true},{"destructible":false,"id":0,"passable":true},{"destructible":false,"id":0,"passable":true},{"destructible":false,"id":0,"passable":true},{"destructible":false,"id":0,"passable":true},{"destructible":false,"id":0,"passable":true},{"destructible":false,"id":0,"passable":true},{"destructible":false,"id":0,"passable":true}],[{"destructible":false,"id":18,"passable":true},{"destructible":false,"id":2,"passable":false},{"destructible":false,"id":0,"passable":true},{"destructible":false,"id":0,"passable":true},{"destructible":false,"id":0,"passable":true},{"destructible":false,"id":0,"passable":true},{"destructible":false,"id":0,"passable":true},{"destructible":false,"id":0,"passable":true},{"destructible":false,"id":0,"passable":true},{"destructible":false,"id":0,"passable":true}],[{"destructible":false,"id":18,"passable":true},{"destructible":false,"id":2,"passable":false},{"destructible":false,"id":0,"passable":true},{"destructible":false,"id":0,"passable":true},{"destructible":false,"id":0,"passable":true},{"destructible":true,"id":16,"passable":false},{"destructible":false,"id":0,"passable":true},{"destructible":false,"id":0,"passable":true},{"destructible":false,"id":0,"passable":true},{"destructible":false,"id":0,"passable":true}],[{"destructible":false,"id":18,"passable":true},{"destructible":false,"id":2,"passable":false},{"destructible":false,"id":0,"passable":true},{"destructible":false,"id":0,"passable":true},{"destructible":false,"id":0,"passable":true},{"destructible":true,"id":16,"passable":false},{"destructible":false,"id":0,"passable":true},{"destructible":false,"id":0,"passable":true},{"destructible":false,"id":0,"passable":true},{"destructible":false,"id":0,"passable":true}],[{"destructible":false,"id":18,"passable":true},{"destructible":false,"id":2,"passable":false},{"destructible":false,"id":0,"passable":true},{"destructible":false,"id":0,"passable":true},{"destructible":false,"id":0,"passable":true},{"destructible":true,"id":16,"passable":false},{"destructible":false,"id":0,"passable":true},{"destructible":false,"id":0,"passable":true},{"destructible":false,"id":0,"passable":true},{"destructible":false,"id":0,"passable":true}],[{"destructible":false,"id":18,"passable":true},{"destructible":false,"id":2,"passable":false},{"destructible":false,"id":0,"passable":true},{"destructible":false,"id":0,"passable":true},{"destructible":false,"id":0,"passable":true},{"destructible":false,"id":0,"passable":true},{"destructible":false,"id":0,"passable":true},{"destructible":false,"id":0,"passable":true},{"destructible":false,"id":0,"passable":true},{"destructible":false,"id":0,"passable":true}],[{"destructible":false,"id":18,"passable":true},{"destructible":false,"id":2,"passable":false},{"destructible":false,"id":0,"passable":true},{"destructible":false,"id":0,"passable":true},{"destructible":false,"id":0,"passable":true},{"destructible":false,"id":0,"passable":true},{"destructible":false,"id":0,"passable":true},{"destructible":false,"id":0,"passable":true},{"destructible":false,"id":0,"passable":true},{"destructible":false,"id":0,"passable":true}],[{"destructible":false,"id":18,"passable":true},{"destructible":false,"id":2,"passable":false},{"destructible":false,"id":0,"passable":true},{"destructible":false,"id":0,"passable":true},{"destructible":true,"id":16,"passable":false},{"destructible":false,"id":0,"passable":true},{"destructible":false,"id":0,"passable":true},{"destructible":false,"id":0,"passable":true},{"destructible":false,"id":0,"passable":true},{"destructible":false,"id":0,"passable":true}],[{"destructible":false,"id":18,"passable":true},{"destructible":false,"id":2,"passable":false},{"destructible":false,"id":0,"passable":true},{"destructible":false,"id":0,"passable":true},{"destructible":false,"id":0,"passable":true},{"destructible":false,"id":0,"passable":true},{"destructible":false,"id":0,"passable":true},{"destructible":false,"id":0,"passable":true},{"destructible":false,"id":0,"passable":true},{"destructible":false,"id":0,"passable":true}],[{"destructible":false,"id":18,"passable":true},{"destructible":false,"id":2,"passable":false},{"destructible":false,"id":0,"passable":true},{"destructible":false,"id":0,"passable":true},{"destructible":false,"id":0,"passable":true},{"destructible":false,"id":0,"passable":true},{"destructible":false,"id":0,"passable":true},{"destructible":false,"id":0,"passable":true},{"destructible":false,"id":0,"passable":true},{"destructible":false,"id":0,"passable":true}],[{"destructible":false,"id":18,"passable":true},{"destructible":false,"id":2,"passable":false},{"destructible":false,"id":0,"passable":true},{"destructible":false,"id":0,"passable":true},{"destructible":false,"id":0,"passable":true},{"destructible":false,"id":0,"passable":true},{"destructible":false,"id":0,"passable":true},{"destructible":false,"id":0,"passable":true},{"destructible":false,"id":0,"passable":true},{"destructible":false,"id":0,"passable":true}],[{"destructible":false,"id":18,"passable":true},{"destructible":false,"id":2,"passable":false},{"destructible":false,"id":0,"passable":true},{"destructible":false,"id":0,"passable":true},{"destructible":false,"id":0,"passable":true},{"destructible":false,"id":0,"passable":true},{"destructible":false,"id":0,"passable":true},{"destructible":false,"id":0,"passable":true},{"destructible":false,"id":0,"passable":true},{"destructible":false,"id":0,"passable":true}],[{"destructible":false,"id":18,"passable":true},{"destructible":false,"id":2,"passable":false},{"destructible":false,"id":140,"passable":false},{"destructible":false,"id":140,"passable":false},{"destructible":false,"id":140,"passable":false},{"destructible":false,"id":140,"passable":false},{"destructible":false,"id":140,"passable":false},{"destructible":false,"id":140,"passable":false},{"destructible":false,"id":124,"passable":false},{"destructible":false,"id":0,"passable":true}]],"width":77}