{"tiles":[{"destructible":false,"id":0,"passable":true},{"destructible":false,"id":1,"passable":false},{"destructible":false,"id":2,"passable":false},{"destructible":false,"id":3,"passable":false},{"destructible":false,"id":4,"passable":true},{"destructible":false,"id":5,"passable":true},{"destructible":false,"id":6,"passable":true},{"destructible":false,"id":7,"passable":true},{"destructible":false,"id":8,"passable":true},{"destructible":false,"id":9,"passable":true},{"destructible":false,"id":10,"passable":true},{"destructible":false,"id":11,"passable":true},{"destructible":false,"id":12,"passable":true},{"destructible":false,"id":13,"passable":false},{"destructible":false,"id":14,"passable":true},{"destructible":false,"id":15,"passable":true},{"destructible":true,"id":16,"passable":false},{"destructible":false,"id":17,"passable":false},{"destructible":false,"id":18,"passable":true},{"destructible":false,"id":19,"passable":false},{"destructible":false,"id":20,"passable":true},{"destructible":false,"id":21,"passable":true},{"destructible":false,"id":22,"passable":true},{"destructible":false,"id":23,"passable":true},{"destructible":false,"id":24,"passable":true},{"destructible":false,"id":25,"passable":true},{"destructible":false,"id":26,"passable":true},{"destructible":false,"id":27,"passable":true},{"destructible":false,"id":28,"passable":true},{"destructible":false,"id":29,"passable":true},{"destructible":false,"id":30,"passable":true},{"destructible":false,"id":31,"passable":true},{"destructible":false,"id":32,"passable":false},{"destructible":false,"id":33,"passable":true},{"destructible":false,"id":34,"passable":true},{"destructible":false,"id":35,"passable":true},{"destructible":false,"id":36,"passable":true},{"destructible":false,"id":37,"passable":true},{"destructible":false,"id":38,"passable":true},{"destructible":false,"id":39,"passable":true},{"destructible":false,"id":40,"passable":true},{"destructible":false,"id":41,"passable":true},{"destructible":false,"id":42,"passable":true},{"destructible":false,"id":43,"passable":true},{"destructible":false,"id":44,"passable":true},{"destructible":false,"id":45,"passable":true},{"destructible":false,"id":46,"passable":true},{"destructible":false,"id":47,"passable":true},{"destructible":false,"id":48,"passable":false},{"destructible":false,"id":49,"passable":true},{"destructible":false,"id":50,"passable":true},{"destructible":false,"id":51,"passable":true},{"destructible":false,"id":52,"passable":true},{"destructible":false,"id":53,"passable":true},{"destructible":false,"id":54,"passable":true},{"destructible":false,"id":55,"passable":true},{"destructible":false,"id":56,"passable":true},{"destructible":false,"id":57,"passable":true},{"destructible":false,"id":58,"passable":true},{"destructible":false,"id":59,"passable":true},{"destructible":false,"id":60,"passable":true},{"destructible":false,"id":61,"passable":true},{"destructible":false,"id":62,"passable":true},{"destructible":false,"id":63,"passable":true},{"destructible":true,"id":64,"passable":false},{"destructible":false,"id":65,"passable":true},{"destructible":false,"id":66,"passable":true},{"destructible":false,"id":67,"passable":true},{"destructible":false,"id":68,"passable":true},{"destructible":false,"id":69,"passable":true},{"destructible":false,"id":70,"passable":true},{"destructible":false,"id":71,"passable":true},{"destructible":false,"id":72,"passable":true},{"destructible":false,"id":73,"passable":true},{"destructible":false,"id":74,"passable":true},{"destructible":false,"id":75,"passable":true},{"destructible":false,"id":76,"passable":true},{"destructible":false,"id":77,"passable":true},{"destructible":false,"id":78,"passable":true},{"destructible":false,"id":79,"passable":true},{"destructible":true,"id":80,"passable":false},{"destructible":false,"id":81,"passable":true},{"destructible":false,"id":82,"passable":true},{"destructible":false,"id":83,"passable":true},{"destructible":false,"id":84,"passable":true},{"destructible":false,"id":85,"passable":true},{"destructible":false,"id":86,"passable":true},{"destructible":false,"id":87,"passable":true},{"destructible":false,"id":88,"passable":true},{"destructible":false,"id":89,"passable":true},{"destructible":false,"id":90,"passable":false},{"destructible":false,"id":91,"passable":true},{"destructible":false,"id":92,"passable":true},{"destructible":false,"id":93,"passable":true},{"destructible":false,"id":94,"passable":true},{"destructible":false,"id":95,"passable":false},{"destructible":true,"id":96,"passable":false},{"destructible":false,"id":97,"passable":false},{"destructible":false,"id":98,"passable":false},{"destructible":false,"id":99,"passable":false},{"destructible":false,"id":100,"passable":true},{"destructible":false,"id":101,"passable":true},{"destructible":false,"id":102,"passable":true},{"destructible":false,"id":103,"passable":false},{"destructible":false,"id":104,"passable":true},{"destructible":true,"id":105,"passable":false},{"destructible":false,"id":106,"passable":false},{"destructible":false,"id":107,"passable":true},{"destructible":false,"id":108,"passable":true},{"destructible":false,"id":109,"passable":false},{"destructible":false,"id":110,"passable":true},{"destructible":false,"id":111,"passable":false},{"destructible":false,"id":112,"passable":true},{"destructible":false,"id":113,"passable":false},{"destructible":true,"id":114,"passable":false},{"destructible":false,"id":115,"passable":true},{"destructible":false,"id":116,"passable":false},{"destructible":false,"id":117,"passable":false},{"destructible":false,"id":118,"passable":true},{"destructible":false,"id":119,"passable":true},{"destructible":false,"id":120,"passable":false},{"destructible":false,"id":121,"passable":true},{"destructible":false,"id":122,"passable":true},{"destructible":false,"id":123,"passable":true},{"destructible":false,"id":124,"passable":false},{"destructible":false,"id":125,"passable":false},{"destructible":false,"id":126,"passable":false},{"destructible":false,"id":127,"passable":true},{"destructible":false,"id":128,"passable":true},{"destructible":false,"id":129,"passable":true},{"destructible":false,"id":130,"passable":true},{"destructible":false,"id":131,"passable":true},{"destructible":false,"id":132,"passable":true},{"destructible":false,"id":133,"passable":true},{"destructible":false,"id":134,"passable":true},{"destructible":false,"id":135,"passable":true},{"destructible":false,"id":136,"passable":true},{"destructible":false,"id":137,"passable":true},{"destructible":false,"id":138,"passable":true},{"destructible":false,"id":139,"passable":true},{"destructible":false,"id":140,"passable":false},{"destructible":false,"id":141,"passable":false},{"destructible":false,"id":142,"passable":false},{"destructible":false,"id":143,"passable":true},{"destructible":false,"id":144,"passable":true},{"destructible":false,"id":145,"passable":true},{"destructible":false,"id":146,"passable":true},{"destructible":false,"id":147,"passable":true},{"destructible":false,"id":148,"passable":true},{"destructible":false,"id":149,"passable":true},{"destructible":false,"id":150,"passable":true},{"destructible":false,"id":151,"passable":true},{"destructible":false,"id":152,"passable":true},{"destructible":false,"id":153,"passable":true},{"destructible":false,"id":154,"passable":true},{"destructible":false,"id":155,"passable":true},{"destructible":false,"id":156,"passable":false},{"destructible":false,"id":157,"passable":false},{"destructible":false,"id":158,"passable":false},{"destructible":false,"id":159,"passable":false},{"destructible":false,"id":160,"passable":true},{"destructible":false,"id":161,"passable":true},{"destructible":false,"id":162,"passable":true},{"destructible":false,"id":163,"passable":true},{"destructible":false,"id":164,"passable":true},{"destructible":false,"id":165,"passable":true},{"destructible":false,"id":166,"passable":true},{"destructible":false,"id":167,"passable":true},{"destructible":false,"id":168,"passable":true},{"destructible":false,"id":169,"passable":false},{"destructible":false,"id":170,"passable":true},{"destructible":false,"id":171,"passable":true},{"destructible":false,"id":172,"passable":true},{"destructible":false,"id":173,"passable":true},{"destructible":false,"id":174,"passable":true},{"destructible":false,"id":175,"passable":false},{"destructible":false,"id":176,"passable":true},{"destructible":false,"id":177,"passable":true},{"destructible":false,"id":178,"passable":true},{"destructible":false,"id":179,"passable":true},{"destructible":false,"id":180,"passable":true},{"destructible":false,"id":181,"passable":true},{"destructible":false,"id":182,"passable":true},{"destructible":false,"id":183,"passable":true},{"destructible":false,"id":184,"passable":true},{"destructible":false,"id":185,"passable":false},{"destructible":false,"id":186,"passable":true},{"destructible":false,"id":187,"passable":false},{"destructible":false,"id":188,"passable":true},{"destructible":false,"id":189,"passable":true},{"destructible":false,"id":190,"passable":true},{"destructible":false,"id":191,"passable":true},{"destructible":false,"id":192,"passable":true},{"destructible":false,"id":193,"passable":true},{"destructible":false,"id":194,"passable":true},{"destructible":false,"id":195,"passable":true},{"destructible":false,"id":196,"passable":true},{"destructible":false,"id":197,"passable":true},{"destructible":false,"id":198,"passable":true},{"destructible":false,"id":199,"passable":true},{"destructible":false,"id":200,"passable":true},{"destructible":false,"id":201,"passable":true},{"destructible":true,"id":202,"passable":false},{"destructible":false,"id":203,"passable":true},{"destructible":false,"id":204,"passable":true},{"destructible":false,"id":205,"passable":true},{"destructible":false,"id":206,"passable":true},{"destructible":false,"id":207,"passable":true},{"destructible":false,"id":208,"passable":true},{"destructible":false,"id":209,"passable":true},{"destructible":false,"id":210,"passable":true},{"destructible":false,"id":211,"passable":true},{"destructible":false,"id":212,"passable":true},{"destructible":false,"id":213,"passable":true},{"destructible":false,"id":214,"passable":true},{"destructible":false,"id":215,"passable":true},{"destructible":false,"id":216,"passable":true},{"destructible":true,"id":217,"passable":false},{"destructible":false,"id":218,"passable":false},{"destructible":false,"id":219,"passable":true},{"destructible":false,"id":220,"passable":true},{"destructible":false,"id":221,"passable":true},{"destructible":false,"id":222,"passable":true},{"destructible":false,"id":223,"passable":true},{"destructible":false,"id":224,"passable":true},{"destructible":false,"id":225,"passable":true},{"destructible":false,"id":226,"passable":true},{"destructible":false,"id":227,"passable":true},{"destructible":false,"id":228,"passable":true},{"destructible":false,"id":229,"passable":true},{"destructible":false,"id":230,"passable":true},{"destructible":false,"id":231,"passable":true},{"destructible":false,"id":232,"passable":true},{"destructible":false,"id":233,"passable":true},{"destructible":false,"id":234,"passable":true},{"destructible":false,"id":235,"passable":true},{"destructible":false,"id":236,"passable":true},{"destructible":false,"id":237,"passable":true},{"destructible":false,"id":238,"passable":true},{"destructible":false,"id":239,"passable":true},{"destructible":false,"id":240,"passable":true},{"destructible":false,"id":241,"passable":true},{"destructible":false,"id":242,"passable":true},{"destructible":false,"id":243,"passable":true},{"destructible":false,"id":244,"passable":true},{"destructible":false,"id":245,"passable":true},{"destructible":false,"id":246,"passable":true},{"destructible":false,"id":247,"passable":true},{"destructible":false,"id":248,"passable":true},{"destructible":false,"id":249,"passable":true},{"destructible":false,"id":250,"passable":true},{"destructible":false,"id":251,"passable":true},{"destructible":false,"id":252,"passable":true},{"destructible":false,"id":253,"passable":true},{"destructible":false,"id":254,"passable":true},{"destructible":false,"id":255,"passable":true}]}