{"height":10,"initial_position":{"x":32.0,"y":32.0},"tiles":[[{"destructible":false,"id":18,"passable":true},{"destructible":false,"id":2,"passable":false},{"destructible":false,"id":142,"passable":false},{"destructible":false,"id":111,"passable":false},{"destructible":false,"id":142,"passable":false},{"destructible":false,"id":142,"passable":false},{"destructible":false,"id":142,"passable":false},{"destructible":false,"id":111,"passable":false},{"destructible":false,"id":111,"passable":false},{"destructible":false,"id":111,"passable":false}],[{"destructible":false,"id":18,"passable":true},{"destructible":false,"id":2,"passable":false},{"destructible":false,"id":0,"passable":true},{"destructible":false,"id":0,"passable":true},{"destructible":false,"id":0,"passable":true},{"destructible":false,"id":0,"passable":true},{"destructible":false,"id":0,"passable":true},{"destructible":false,"id":0,"passable":true},{"destructible":false,"id":0,"passable":true},{"destructible":false,"id":0,"passable":true}],[{"destructible":false,"id":18,"passable":true},{"destructible":false,"id":2,"passable":false},{"destructible":false,"id":0,"passable":true},{"destructible":false,"id":0,"passable":true},{"destructible":false,"id":0,"passable":true},{"destructible":false,"id":0,"passable":true},{"destructible":false,"id":0,"passable":true},{"destructible":false,"id":0,"passable":true},{"destructible":false,"id":0,"passable":true},{"destructible":false,"id":0,"passable":true}],[{"destructible":false,"id":18,"passable":true},{"destructible":false,"id":2,"passable":false},{"destructible":false,"id":0,"passable":true},{"destructible":false,"id":0,"passable":true},{"destructible":false,"id":0,"passable":true},{"destructible":false,"id":0,"passable":true},{"destructible":false,"id":0,"passable":true},{"destructible":false,"id":0,"passable":true},{"destructible":false,"id":0,"passable":true},{"destructible":false,"id":0,"passable":true}],[{"destructible":false,"id":18,"passable":true},{"destructible":false,"id":2,"passable":false},{"destructible":false,"id":0,"passable":true},{"destructible":false,"id":0,"passable":true},{"destructible":false,"id":0,"passable":true},{"destructible":false,"id":0,"passable":true},{"destructible":false,"id":0,"passable":true},{"destructible":false,"id":0,"passable":true},{"destructible":false,"id":0,"passable":true},{"destructible":false,"id":0,"passable":true}],[{"destructible":false,"id":18,"passable":true},{"destructible":false,"id":2,"passable":false},{"destructible":false,"id":0,"passable":true},{"destructible":false,"id":0,"passable":true},{"destructible":false,"id":0,"passable":true},{"destructible":false,"id":0,"passable":true},{"destructible":false,"id":0,"passable":true},{"destructible":false,"id":0,"passable":true},{"destructible":false,"id":0,"passable":true},{"destructible":false,"id":0,"passable":true}],[{"destructible":false,"id":18,"passable":true},{"destructible":false,"id":2,"passable":false},{"destructible":false,"id":0,"passable":true},{"destructible":false,"id":0,"passable":true},{"destructible":false,"id":0,"passable":true},{"destructible":false,"id":0,"passable":true},{"destructible":false,"id":0,"passable":true},{"destructible":false,"id":0,"passable":true},{"destructible":false,"id":0,"passable":true},{"destructible":false,"id":21,"passable":true}],[{"destructible":false,"id":18,"passable":true},{"destructible":false,"id":2,"passable":false},{"destructible":false,"id":0,"passable":true},{"destructible":false,"id":0,"passable":true},{"destructible":false,"id":0,"passable":true},{"destructible":false,"id":0,"passable":true},{"destructible":false,"id":0,"passable":true},{"destructible":false,"id":0,"passable":true},{"destructible":false,"id":0,"passable":true},{"destructible":false,"id":21,"passable":true}],[{"destructible":false,"id":18,"passable":true},{"destructible":false,"id":2,"passable":false},{"destructible":false,"id":0,"passable":true},{"destructible":false,"id":0,"passable":true},{"destructible":false,"id":0,"passable":true},{"destructible":false,"id":0,"passable":true},{"destructible":false,"id":0,"passable":true},{"destructible":false,"id":0,"passable":true},{"destructible":false,"id":0,"passable":true},{"destructible":false,"id":0,"passable":true}],[{"destructible":false,"id":18,"passable":true},{"destructible":false,"id":2,"passable":false},{"destructible":false,"id":191,"passable":true},{"destructible":false,"id":0,"passable":true},{"destructible":false,"id":0,"passable":true},{"destructible":false,"id":0,"passable":true},{"destructible":false,"id":0,"passable":true},{"destructible":false,"id":0,"passable":true},{"destructible":false,"id":0,"passable":true},{"destructible":false,"id":0,"passable":true}],[{"destructible":false,"id":18,"passable":true},{"destructible":false,"id":2,"passable":false},{"destructible":false,"id":0,"passable":true},{"destructible":false,"id":0,"passable":true},{"destructible":false,"id":0,"passable":true},{"destructible":false,"id":0,"passable":true},{"destructible":false,"id":0,"passable":true},{"destructible":false,"id":0,"passable":true},{"destructible":false,"id":21,"passable":true},{"destructible":false,"id":0,"passable":true}],[{"destructible":false,"id":18,"passable":true},{"destructible":false,"id":2,"passable":false},{"destructible":false,"id":0,"passable":true},{"destructible":false,"id":0,"passable":true},{"destructible":false,"id":0,"passable":true},{"destructible":false,"id":0,"passable":true},{"destructible":false,"id":0,"passable":true},{"destructible":false,"id":0,"passable":true},{"destructible":false,"id":0,"passable":true},{"destructible":false,"id":0,"passable":true}],[{"destructible":false,"id":18,"passable":true},{"destructible":false,"id":2,"passable":false},{"destructible":false,"id":0,"passable":true},{"destructible":false,"id":0,"passable":true},{"destructible":false,"id":48,"passable":false},{"destructible":false,"id":0,"passable":true},{"destructible":false,"id":0,"passable":true},{"destructible":false,"id":0,"passable":true},{"destructible":false,"id":0,"passable":true},{"destructible":false,"id":21,"passable":true}],[{"destructible":false,"id":18,"passable":true},{"destructible":false,"id":2,"passable":false},{"destructible":false,"id":0,"passable":true},{"destructible":false,"id":0,"passable":true},{"destructible":false,"id":0,"passable":true},{"destructible":false,"id":0,"passable":true},{"destructible":false,"id":0,"passable":true},{"destructible":false,"id":0,"passable":true},{"destructible":false,"id":21,"passable":true},{"destructible":false,"id":21,"passable":true}],[{"destructible":false,"id":18,"passable":true},{"destructible":false,"id":2,"passable":false},{"destructible":false,"id":0,"passable":true},{"destructible":false,"id":0,"passable":true},{"destructible":false,"id":0,"passable":true},{"destructible":false,"id":0,"passable":true},{"destructible":false,"id":0,"passable":true},{"destructible":false,"id":0,"passable":true},{"destructible":false,"id":0,"passable":true},{"destructible":false,"id":21,"passable":true}],[{"destructible":false,"id":18,"passable":true},{"destructible":false,"id":2,"passable":false},{"destructible":false,"id":0,"passable":true},{"destructible":false,"id":0,"passable":true},{"destructible":false,"id":0,"passable":true},{"destructible":false,"id":0,"passable":true},{"destructible":false,"id":21,"passable":true},{"destructible":false,"id":0,"passable":true},{"destructible":false,"id":0,"passable":true},{"destructible":false,"id":21,"passable":true}],[{"destructible":false,"id":18,"passable":true},{"destructible":false,"id":2,"passable":false},{"destructible":false,"id":0,"passable":true},{"destructible":false,"id":0,"passable":true},{"destructible":false,"id":0,"passable":true},{"destructible":false,"id":0,"passable":true},{"destructible":false,"id":21,"passable":true},{"destructible":false,"id":21,"passable":true},{"destructible":false,"id":21,"passable":true},{"destructible":false,"id":0,"passable":true}],[{"destructible":false,"id":18,"passable":true},{"destructible":false,"id":2,"passable":false},{"destructible":false,"id":0,"passable":true},{"destructible":false,"id":21,"passable":true},{"destructible":true,"id":16,"passable":false},{"destructible":false,"id":0,"passable":true},{"destructible":false,"id":0,"passable":true},{"destructible":false,"id":21,"passable":true},{"destructible":false,"id":0,"passable":true},{"destructible":false,"id":0,"passable":true}],[{"destructible":false,"id":18,"passable":true},{"destructible":false,"id":2,"passable":false},{"destructible":false,"id":0,"passable":true},{"destructible":false,"id":0,"passable":true},{"destructible":false,"id":48,"passable":false},{"destructible":false,"id":21,"passable":true},{"destructible":false,"id":0,"passable":true},{"destructible":false,"id":0,"passable":true},{"destructible":false,"id":21,"passable":true},{"destructible":false,"id":0,"passable":true}],[{"destructible":false,"id":18,"passable":true},{"destructible":false,"id":2,"passable":false},{"destructible":false,"id":0,"passable":true},{"destructible":false,"id":0,"passable":true},{"destructible":true,"id":16,"passable":false},{"destructible":false,"id":0,"passable":true},{"destructible":false,"id":0,"passable":true},{"destructible":false,"id":48,"passable":false},{"destructible":false,"id":21,"passable":true},{"destructible":false,"id":0,"passable":true}],[{"destructible":false,"id":18,"passable":true},{"destructible":false,"id":2,"passable":false},{"destructible":false,"id":0,"passable":true},{"destructible":false,"id":0,"passable":true},{"destructible":false,"id":48,"passable":false},{"destructible":false,"id":0,"passable":true},{"destructible":false,"id":0,"passable":true},{"destructible":false,"id":0,"passable":true},{"destructible":false,"id":21,"passable":true},{"destructible":false,"id":0,"passable":true}],[{"destructible":false,"id":18,"passable":true},{"destructible":false,"id":2,"passable":false},{"destructible":false,"id":191,"passable":true},{"destructible":false,"id":0,"passable":true},{"destructible":true,"id":16,"passable":false},{"destructible":false,"id":0,"passable":true},{"destructible":false,"id":0,"passable":true},{"destructible":false,"id":21,"passable":true},{"destructible":false,"id":21,"passable":true},{"destructible":false,"id":0,"passable":true}],[{"destructible":false,"id":18,"passable":true},{"destructible":false,"id":2,"passable":false},{"destructible":false,"id":0,"passable":true},{"destructible":false,"id":0,"passable":true},{"destructible":false,"id":0,"passable":true},{"destructible":false,"id":0,"passable":true},{"destructible":false,"id":0,"passable":true},{"destructible":false,"id":0,"passable":true},{"destructible":false,"id":0,"passable":true},{"destructible":false,"id":0,"passable":true}],[{"destructible":false,"id":18,"passable":true},{"destructible":false,"id":2,"passable":false},{"destructible":false,"id":0,"passable":true},{"destructible":false,"id":0,"passable":true},{"destructible":false,"id":0,"passable":true},{"destructible":false,"id":0,"passable":true},{"destructible":false,"id":0,"passable":true},{"destructible":false,"id":0,"passable":true},{"destructible":false,"id":0,"passable":true},{"destructible":false,"id":0,"passable":true}],[{"destructible":false,"id":18,"passable":true},{"destructible":false,"id":2,"passable":false},{"destructible":false,"id":0,"passable":true},{"destructible":false,"id":0,"passable":true},{"destructible":false,"id":0,"passable":true},{"destructible":false,"id":0,"passable":true},{"destructible":false,"id":0,"passable":true},{"destructible":false,"id":0,"passable":true},{"destructible":false,"id":0,"passable":true},{"destructible":false,"id":0,"passable":true}],[{"destructible":false,"id":18,"passable":true},{"destructible":false,"id":2,"passable":false},{"destructible":false,"id":0,"passable":true},{"destructible":false,"id":0,"passable":true},{"destructible":false,"id":0,"passable":true},{"destructible":false,"id":0,"passable":true},{"destructible":false,"id":0,"passable":true},{"destructible":false,"id":0,"passable":true},{"destructible":false,"id":0,"passable":true},{"destructible":false,"id":0,"passable":true}],[{"destructible":false,"id":18,"passable":true},{"destructible":false,"id":2,"passable":false},{"destructible":false,"id":140,"passable":false},{"destructible":false,"id":124,"passable":false},{"destructible":false,"id":0,"passable":true},{"destructible":false,"id":0,"passable":true},{"destructible":false,"id":0,"passable":true},{"destructible":false,"id":0,"passable":true},{"destructible":false,"id":0,"passable":true},{"destructible":false,"id":0,"passable":true}],[{"destructible":false,"id":18,"passable":true},{"destructible":false,"id":2,"passable":false},{"destructible":false,"id":142,"passable":false},{"destructible":false,"id":126,"passable":false},{"destructible":false,"id":0,"passable":true},{"destructible":false,"id":0,"passable":true},{"destructible":false,"id":0,"passable":true},{"destructible":false,"id":0,"passable":true},{"destructible":false,"id":0,"passable":true},{"destructible":false,"id":0,"passable":true}],[{"destructible":false,"id":18,"passable":true},{"destructible":false,"id":2,"passable":false},{"destructible":false,"id":0,"passable":true},{"destructible":false,"id":0,"passable":true},{"destructible":false,"id":0,"passable":true},{"destructible":false,"id":0,"passable":true},{"destructible":false,"id":0,"passable":true},{"destructible":false,"id":0,"passable":true},{"destructible":false,"id":0,"passable":true},{"destructible":false,"id":0,"passable":true}],[{"destructible":false,"id":18,"passable":true},{"destructible":false,"id":2,"passable":false},{"destructible":false,"id":191,"passable":true},{"destructible":false,"id":0,"passable":true},{"destructible":false,"id":0,"passable":true},{"destructible":false,"id":0,"passable":true},{"destructible":false,"id":0,"passable":true},{"destructible":false,"id":0,"passable":true},{"destructible":false,"id":0,"passable":true},{"destructible":false,"id":0,"passable":true}],[{"destructible":false,"id":18,"passable":true},{"destructible":false,"id":2,"passable":false},{"destructible":false,"id":0,"passable":true},{"destructible":false,"id":0,"passable":true},{"destructible":false,"id":0,"passable":true},{"destructible":false,"id":0,"passable":true},{"destructible":false,"id":0,"passable":true},{"destructible":false,"id":0,"passable":true},{"destructible":false,"id":0,"passable":true},{"destructible":false,"id":0,"passable":true}],[{"destructible":false,"id":18,"passable":true},{"destructible":false,"id":2,"passable":false},{"destructible":false,"id":0,"passable":true},{"destructible":false,"id":0,"passable":true},{"destructible":false,"id":0,"passable":true},{"destructible":false,"id":0,"passable":true},{"destructible":false,"id":0,"passable":true},{"destructible":false,"id":0,"passable":true},{"destructible":false,"id":0,"passable":true},{"destructible":false,"id":0,"passable":true}],[{"destructible":false,"id":18,"passable":true},{"destructible":false,"id":2,"passable":false},{"destructible":false,"id":0,"passable":true},{"destructible":false,"id":0,"passable":true},{"destructible":false,"id":0,"passable":true},{"destructible":false,"id":0,"passable":true},{"destructible":false,"id":0,"passable":true},{"destructible":false,"id":0,"passable":true},{"destructible":false,"id":0,"passable":true},{"destructible":false,"id":0,"passable":true}],[{"destructible":false,"id":18,"passable":true},{"destructible":false,"id":2,"passable":false},{"destructible":false,"id":140,"passable":false},{"destructible":false,"id":140,"passable":false},{"destructible":false,"id":124,"passable":false},{"destructible":false,"id":0,"passable":true},{"destructible":false,"id":0,"passable":true},{"destructible":false,"id":0,"passable":true},{"destructible":false,"id":0,"passable":true},{"destructible":false,"id":0,"passable":true}],[{"destructible":false,"id":18,"passable":true},{"destructible":false,"id":2,"passable":false},{"destructible":false,"id":142,"passable":false},{"destructible":false,"id":142,"passable":false},{"destructible":false,"id":126,"passable":false},{"destructible":false,"id":0,"passable":true},{"destructible":false,"id":0,"passable":true},{"destructible":false,"id":0,"passable":true},{"destructible":false,"id":0,"passable":true},{"destructible":false,"id":0,"passable":true}],[{"destructible":false,"id":18,"passable":true},{"destructible":false,"id":2,"passable":false},{"destructible":false,"id":0,"passable":true},{"destructible":false,"id":0,"passable":true},{"destructible":false,"id":0,"passable":true},{"destructible":false,"id":0,"passable":true},{"destructible":false,"id":0,"passable":true},{"destructible":false,"id":0,"passable":true},{"destructible":false,"id":0,"passable":true},{"destructible":false,"id":0,"passable":true}],[{"destructible":false,"id":18,"passable":true},{"destructible":false,"id":2,"passable":false},{"destructible":false,"id":0,"passable":true},{"destructible":false,"id":0,"passable":true},{"destructible":false,"id":0,"passable":true},{"destructible":false,"id":0,"passable":true},{"destructible":false,"id":0,"passable":true},{"destructible":false,"id":0,"passable":true},{"destructible":false,"id":0,"passable":true},{"destructible":false,"id":0,"passable":true}],[{"destructible":false,"id":18,"passable":true},{"destructible":false,"id":2,"passable":false},{"destructible":false,"id":171,"passable":true},{"destructible":false,"id":155,"passable":true},{"destructible":false,"id":139,"passable":true},{"destructible":false,"id":0,"passable":true},{"destructible":false,"id":0,"passable":true},{"destructible":false,"id":0,"passable":true},{"destructible":false,"id":0,"passable":true},{"destructible":false,"id":0,"passable":true}],[{"destructible":false,"id":18,"passable":true},{"destructible":false,"id":2,"passable":false},{"destructible":false,"id":0,"passable":true},{"destructible":false,"id":0,"passable":true},{"destructible":false,"id":0,"passable":true},{"destructible":false,"id":0,"passable":true},{"destructible":false,"id":0,"passable":true},{"destructible":false,"id":0,"passable":true},{"destructible":false,"id":0,"passable":true},{"destructible":false,"id":0,"passable":true}],[{"destructible":false,"id":18,"passable":true},{"destructible":false,"id":2,"passable":false},{"destructible":false,"id":0,"passable":true},{"destructible":false,"id":0,"passable":true},{"destructible":false,"id":0,"passable":true},{"destructible":false,"id":0,"passable":true},{"destructible":false,"id":0,"passable":true},{"destructible":false,"id":0,"passable":true},{"destructible":false,"id":0,"passable":true},{"destructible":false,"id":0,"passable":true}],[{"destructible":false,"id":18,"passable":true},{"destructible":false,"id":2,"passable":false},{"destructible":false,"id":0,"passable":true},{"destructible":false,"id":0,"passable":true},{"destructible":false,"id":0,"passable":true},{"destructible":false,"id":0,"passable":true},{"destructible":false,"id":0,"passable":true},{"destructible":false,"id":0,"passable":true},{"destructible":false,"id":0,"passable":true},{"destructible":false,"id":0,"passable":true}],[{"destructible":false,"id":18,"passable":true},{"destructible":false,"id":2,"passable":false},{"destructible":false,"id":0,"passable":true},{"destructible":false,"id":0,"passable":true},{"destructible":false,"id":0,"passable":true},{"destructible":false,"id":0,"passable":true},{"destructible":false,"id":0,"passable":true},{"destructible":false,"id":0,"passable":true},{"destructible":false,"id":0,"passable":true},{"destructible":false,"id":76,"passable":true}],[{"destructible":false,"id":18,"passable":true},{"destructible":false,"id":2,"passable":false},{"destructible":false,"id":62,"passable":true},{"destructible":false,"id":62,"passable":true},{"destructible":false,"id":0,"passable":true},{"destructible":false,"id":0,"passable":true},{"destructible":false,"id":0,"passable":true},{"destructible":false,"id":0,"passable":true},{"destructible":false,"id":0,"passable":true},{"destructible":false,"id":0,"passable":true}],[{"destructible":false,"id":18,"passable":true},{"destructible":false,"id":2,"passable":false},{"destructible":false,"id":140,"passable":false},{"destructible":false,"id":140,"passable":false},{"destructible":false,"id":124,"passable":false},{"destructible":false,"id":0,"passable":true},{"destructible":false,"id":0,"passable":true},{"destructible":false,"id":0,"passable":true},{"destructible":false,"id":0,"passable":true},{"destructible":false,"id":0,"passable":false}],[{"destructible":false,"id":18,"passable":true},{"destructible":false,"id":2,"passable":false},{"destructible":false,"id":142,"passable":false},{"destructible":false,"id":142,"passable":false},{"destructible":false,"id":126,"passable":false},{"destructible":false,"id":0,"passable":true},{"destructible":false,"id":0,"passable":true},{"destructible":false,"id":0,"passable":true},{"destructible":false,"id":0,"passable":true},{"destructible":false,"id":0,"passable":true}],[{"destructible":false,"id":18,"passable":true},{"destructible":false,"id":2,"passable":false},{"destructible":false,"id":0,"passable":true},{"destructible":false,"id":0,"passable":true},{"destructible":false,"id":0,"passable":true},{"destructible":false,"id":0,"passable":true},{"destructible":false,"id":0,"passable":true},{"destructible":false,"id":0,"passable":true},{"destructible":false,"id":0,"passable":true},{"destructible":false,"id":0,"passable":true}],[{"destructible":false,"id":18,"passable":true},{"destructible":false,"id":2,"passable":false},{"destructible":false,"id":0,"passable":true},{"destructible":false,"id":0,"passable":true},{"destructible":false,"id":0,"passable":true},{"destructible":false,"id":0,"passable":true},{"destructible":false,"id":0,"passable":true},{"destructible":false,"id":0,"passable":true},{"destructible":false,"id":0,"passable":true},{"destructible":false,"id":0,"passable":true}],[{"destructible":false,"id":18,"passable":true},{"destructible":false,"id":2,"passable":false},{"destructible":false,"id":191,"passable":true},{"destructible":false,"id":248,"passable":true},{"destructible":false,"id":0,"passable":true},{"destructible":false,"id":0,"passable":true},{"destructible":false,"id":0,"passable":true},{"destructible":false,"id":0,"passable":true},{"destructible":false,"id":0,"passable":true},{"destructible":false,"id":63,"passable":true}],[{"destructible":false,"id":18,"passable":true},{"destructible":false,"id":2,"passable":false},{"destructible":false,"id":0,"passable":true},{"destructible":false,"id":0,"passable":true},{"destructible":false,"id":0,"passable":true},{"destructible":false,"id":0,"passable":true},{"destructible":false,"id":0,"passable":true},{"destructible":false,"id":0,"passable":true},{"destructible":false,"id":0,"passable":true},{"destructible":false,"id":0,"passable":true}],[{"destructible":false,"id":18,"passable":true},{"destructible":false,"id":2,"passable":false},{"destructible":false,"id":0,"passable":true},{"destructible":false,"id":0,"passable":true},{"destructible":false,"id":0,"passable":true},{"destructible":false,"id":0,"passable":true},{"destructible":false,"id":0,"passable":true},{"destructible":false,"id":0,"passable":true},{"destructible":false,"id":0,"passable":true},{"destructible":false,"id":0,"passable":true}],[{"destructible":false,"id":18,"passable":true},{"destructible":false,"id":2,"passable":false},{"destructible":false,"id":0,"passable":true},{"destructible":false,"id":0,"passable":true},{"destructible":false,"id":0,"passable":true},{"destructible":false,"id":48,"passable":false},{"destructible":false,"id":0,"passable":true},{"destructible":false,"id":0,"passable":true},{"destructible":false,"id":0,"passable":true},{"destructible":false,"id":0,"passable":true}],[{"destructible":false,"id":18,"passable":true},{"destructible":false,"id":2,"passable":false},{"destructible":false,"id":0,"passable":true},{"destructible":false,"id":0,"passable":true},{"destructible":false,"id":0,"passable":true},{"destructible":false,"id":0,"passable":true},{"destructible":false,"id":0,"passable":true},{"destructible":false,"id":0,"passable":true},{"destructible":false,"id":0,"passable":true},{"destructible":false,"id":0,"passable":true}],[{"destructible":false,"id":18,"passable":true},{"destructible":false,"id":2,"passable":false},{"destructible":false,"id":0,"passable":true},{"destructible":false,"id":0,"passable":true},{"destructible":false,"id":0,"passable":true},{"destructible":false,"id":0,"passable":true},{"destructible":false,"id":0,"passable":true},{"destructible":false,"id":0,"passable":true},{"destructible":false,"id":0,"passable":true},{"destructible":false,"id":0,"passable":true}],[{"destructible":false,"id":18,"passable":true},{"destructible":false,"id":2,"passable":false},{"destructible":false,"id":0,"passable":true},{"destructible":false,"id":0,"passable":true},{"destructible":false,"id":0,"passable":true},{"destructible":false,"id":0,"passable":true},{"destructible":false,"id":0,"passable":true},{"destructible":false,"id":0,"passable":true},{"destructible":false,"id":0,"passable":true},{"destructible":false,"id":0,"passable":true}],[{"destructible":false,"id":19,"passable":false},{"destructible":false,"id":3,"passable":false},{"destructible":false,"id":0,"passable":true},{"destructible":false,"id":0,"passable":true},{"destructible":false,"id":0,"passable":true},{"destructible":false,"id":0,"passable":true},{"destructible":false,"id":0,"passable":true},{"destructible":false,"id":0,"passable":true},{"destructible":false,"id":0,"passable":true},{"destructible":false,"id":0,"passable":true}],[{"destructible":false,"id":254,"passable":true},{"destructible":false,"id":174,"passable":true},{"destructible":false,"id":0,"passable":true},{"destructible":false,"id":0,"passable":true},{"destructible":false,"id":0,"passable":true},{"destructible":false,"id":0,"passable":true},{"destructible":false,"id":0,"passable":true},{"destructible":false,"id":0,"passable":true},{"destructible":false,"id":0,"passable":true},{"destructible":false,"id":0,"passable":true}],[{"destructible":false,"id":254,"passable":true},{"destructible":false,"id":174,"passable":true},{"destructible":false,"id":0,"passable":true},{"destructible":false,"id":0,"passable":true},{"destructible":false,"id":0,"passable":true},{"destructible":false,"id":0,"passable":true},{"destructible":false,"id":0,"passable":true},{"destructible":false,"id":0,"passable":true},{"destructible":false,"id":0,"passable":true},{"destructible":false,"id":0,"passable":true}],[{"destructible":false,"id":254,"passable":true},{"destructible":false,"id":174,"passable":true},{"destructible":false,"id":0,"passable":true},{"destructible":false,"id":0,"passable":true},{"destructible":false,"id":0,"passable":true},{"destructible":false,"id":0,"passable":true},{"destructible":false,"id":0,"passable":true},{"destructible":false,"id":0,"passable":true},{"destructible":false,"id":0,"passable":true},{"destructible":false,"id":0,"passable":true}],[{"destructible":false,"id":254,"passable":true},{"destructible":false,"id":174,"passable":true},{"destructible":false,"id":0,"passable":true},{"destructible":false,"id":0,"passable":true},{"destructible":false,"id":0,"passable":true},{"destructible":false,"id":0,"passable":true},{"destructible":false,"id":0,"passable":true},{"destructible":false,"id":0,"passable":true},{"destructible":false,"id":0,"passable":true},{"destructible":false,"id":0,"passable":true}],[{"destructible":false,"id":17,"passable":false},{"destructible":false,"id":1,"passable":false},{"destructible":false,"id":0,"passable":true},{"destructible":false,"id":0,"passable":true},{"destructible":false,"id":0,"passable":true},{"destructible":false,"id":0,"passable":true},{"destructible":false,"id":0,"passable":true},{"destructible":false,"id":0,"passable":true},{"destructible":false,"id":0,"passable":true},{"destructible":false,"id":0,"passable":true}],[{"destructible":false,"id":18,"passable":true},{"destructible":false,"id":2,"passable":false},{"destructible":false,"id":0,"passable":true},{"destructible":false,"id":0,"passable":true},{"destructible":false,"id":0,"passable":true},{"destructible":false,"id":0,"passable":true},{"destructible":false,"id":0,"passable":true},{"destructible":false,"id":0,"passable":true},{"destructible":false,"id":0,"passable":true},{"destructible":false,"id":0,"passable":true}],[{"destructible":false,"id":18,"passable":true},{"destructible":false,"id":2,"passable":false},{"destructible":false,"id":191,"passable":true},{"destructible":false,"id":0,"passable":true},{"destructible":false,"id":0,"passable":true},{"destructible":false,"id":0,"passable":true},{"destructible":false,"id":0,"passable":true},{"destructible":false,"id":0,"passable":true},{"destructible":false,"id":0,"passable":true},{"destructible":false,"id":0,"passable":true}],[{"destructible":false,"id":18,"passable":true},{"destructible":false,"id":2,"passable":false},{"destructible":false,"id":0,"passable":true},{"destructible":false,"id":0,"passable":true},{"destructible":false,"id":0,"passable":true},{"destructible":false,"id":0,"passable":true},{"destructible":false,"id":0,"passable":true},{"destructible":false,"id":0,"passable":true},{"destructible":false,"id":0,"passable":true},{"destructible":false,"id":0,"passable":true}],[{"destructible":false,"id":18,"passable":true},{"destructible":false,"id":2,"passable":false},{"destructible":false,"id":0,"passable":true},{"destructible":false,"id":0,"passable":true},{"destructible":false,"id":0,"passable":true},{"destructible":false,"id":0,"passable":true},{"destructible":false,"id":0,"passable":true},{"destructible":false,"id":0,"passable":true},{"destructible":false,"id":0,"passable":true},{"destructible":false,"id":0,"passable":true}],[{"destructible":false,"id":18,"passable":true},{"destructible":false,"id":2,"passable":false},{"destructible":false,"id":0,"passable":true},{"destructible":false,"id":0,"passable":true},{"destructible":false,"id":0,"passable":true},{"destructible":false,"id":0,"passable":true},{"destructible":false,"id":0,"passable":true},{"destructible":false,"id":0,"passable":true},{"destructible":false,"id":0,"passable":true},{"destructible":false,"id":0,"passable":true}],[{"destructible":false,"id":18,"passable":true},{"destructible":false,"id":2,"passable":false},{"destructible":false,"id":0,"passable":true},{"destructible":false,"id":0,"passable":true},{"destructible":false,"id":0,"passable":true},{"destructible":true,"id":16,"passable":false},{"destructible":false,"id":0,"passable":true},{"destructible":false,"id":0,"passable":true},{"destructible":false,"id":0,"passable":true},{"destructible":false,"id":0,"passable":true}],[{"destructible":false,"id":18,"passable":true},{"destructible":false,"id":2,"passable":false},{"destructible":false,"id":0,"passable":true},{"destructible":false,"id":0,"passable":true},{"destructible":false,"id":0,"passable":true},{"destructible":true,"id":16,"passable":false},{"destructible":false,"id":0,"passable":true},{"destructible":false,"id":0,"passable":true},{"destructible":false,"id":0,"passable":true},{"destructible":false,"id":0,"passable":true}],[{"destructible":false,"id":18,"passable":true},{"destructible":false,"id":2,"passable":false},{"destructible":false,"id":0,"passable":true},{"destructible":false,"id":0,"passable":true},{"destructible":false,"id":0,"passable":true},{"destructible":true,"id":16,"passable":false},{"destructible":false,"id":0,"passable":true},{"destructible":false,"id":0,"passable":true},{"destructible":false,"id":0,"passable":true},{"destructible":false,"id":0,"passable":true}],[{"destructible":false,"id":18,"passable":true},{"destructible":false,"id":2,"passable":false},{"destructible":false,"id":0,"passable":true},{"destructible":false,"id":0,"passable":true},{"destructible":false,"id":0,"passable":true},{"destructible":true,"id":16,"passable":false},{"destructible":false,"id":0,"passable":true},{"destructible":false,"id":0,"passable":true},{"destructible":false,"id":0,"passable":true},{"destructible":false,"id":0,"passable":true}],[{"destructible":false,"id":18,"passable":true},{"destructible":false,"id":2,"passable":false},{"destructible":false,"id":0,"passable":true},{"destructible":false,"id":0,"passable":true},{"destructible":false,"id":0,"passable":true},{"destructible":true,"id":16,"passable":false},{"destructible":false,"id":0,"passable":true},{"destructible":false,"id":0,"passable":true},{"destructible":false,"id":0,"passable":true},{"destructible":false,"id":0,"passable":true}],[{"destructible":false,"id":18,"passable":true},{"destructible":false,"id":2,"passable":false},{"destructible":false,"id":0,"passable":true},{"destructible":false,"id":0,"passable":true},{"destructible":false,"id":0,"passable":true},{"destructible":false,"id":0,"passable":true},{"destructible":false,"id":0,"passable":true},{"destructible":false,"id":0,"passable":true},{"destructible":false,"id":0,"passable":true},{"destructible":false,"id":0,"passable":true}],[{"destructible":false,"id":18,"passable":true},{"destructible":false,"id":2,"passable":false},{"destructible":false,"id":0,"passable":true},{"destructible":false,"id":0,"passable":true},{"destructible":false,"id":0,"passable":true},{"destructible":false,"id":0,"passable":true},{"destructible":false,"id":0,"passable":true},{"destructible":false,"id":0,"passable":true},{"destructible":false,"id":0,"passable":true},{"destructible":false,"id":0,"passable":true}],[{"destructible":false,"id":18,"passable":true},{"destructible":false,"id":2,"passable":false},{"destructible":false,"id":0,"passable":true},{"destructible":false,"id":0,"passable":true},{"destructible":false,"id":0,"passable":true},{"destructible":false,"id":0,"passable":true},{"destructible":false,"id":0,"passable":true},{"destructible":false,"id":0,"passable":true},{"destructible":false,"id":0,"passable":true},{"destructible":false,"id":0,"passable":true}],[{"destructible":false,"id":18,"passable":true},{"destructible":false,"id":2,"passable":false},{"destructible":false,"id":0,"passable":true},{"destructible":false,"id":0,"passable":true},{"destructible":false,"id":0,"passable":true},{"destructible":false,"id":0,"passable":true},{"destructible":false,"id":0,"passable":true},{"destructible":false,"id":0,"passable":true},{"destructible":false,"id":0,"passable":true},{"destructible":false,"id":0,"passable":true}],[{"destructible":false,"id":18,"passable":true},{"destructible":false,"id":2,"passable":false},{"destructible":false,"id":0,"passable":true},{"destructible":false,"id":0,"passable":true},{"destructible":false,"id":0,"passable":true},{"destructible":false,"id":0,"passable":true},{"destructible":false,"id":0,"passable":true},{"destructible":false,"id":0,"passable":true},{"destructible":false,"id":0,"passable":true},{"destructible":false,"id":0,"passable":true}],[{"destructible":false,"id":18,"passable":true},{"destructible":false,"id":2,"passable":false},{"destructible":false,"id":0,"passable":true},{"destructible":false,"id":0,"passable":true},{"destructible":false,"id":0,"passable":true},{"destructible":false,"id":0,"passable":true},{"destructible":false,"id":0,"passable":true},{"destructible":false,"id":0,"passable":true},{"destructible":false,"id":0,"passable":true},{"destructible":false,"id":0,"passable":true}],[{"destructible":false,"id":18,"passable":true},{"destructible":false,"id":2,"passable":false},{"destructible":false,"id":140,"passable":false},{"destructible":false,"id":140,"passable":false},{"destructible":false,"id":140,"passable":false},{"destructible":false,"id":140,"passable":false},{"destructible":false,"id":140,"passable":false},{"destructible":false,"id":140,"passable":false},{"destructible":false,"id":124,"passable":false},{"destructible":false,"id":0,"passable":true}]],"width":77}