{"graphics":{"subs":[{"layer":2,"loop":true,"path":"img/hero/herochar_idle_anim_strip_4.png","rects":[{"h":16,"w":16,"x":0,"y":0},{"h":16,"w":16,"x":16,"y":0},{"h":16,"w":16,"x":32,"y":0},{"h":16,"w":16,"x":48,"y":0}],"type":1},{"layer":2,"loop":true,"path":"img/hero/herochar_run_anim_strip_6.png","rects":[{"h":16,"w":16,"x":0,"y":0},{"h":16,"w":16,"x":16,"y":0},{"h":16,"w":16,"x":32,"y":0},{"h":16,"w":16,"x":48,"y":0},{"h":16,"w":16,"x":64,"y":0},{"h":16,"w":16,"x":80,"y":0}],"type":1},{"layer":2,"loop":true,"path":"img/hero/herochar_jump_up_anim_strip_3.png","rects":[{"h":16,"w":16,"x":0,"y":0},{"h":16,"w":16,"x":16,"y":0},{"h":16,"w":16,"x":32,"y":0}],"type":1},{"layer":2,"loop":true,"path":"img/hero/herochar_jump_down_anim_strip_3.png","rects":[{"h":16,"w":16,"x":0,"y":0},{"h":16,"w":16,"x":16,"y":0},{"h":16,"w":16,"x":32,"y":0}],"type":1},{"layer":2,"loop":true,"path":"img/hero/herochar_pushing_foward_anim_strip_6.png","rects":[{"h":16,"w":16,"x":0,"y":0},{"h":16,"w":16,"x":16,"y":0},{"h":16,"w":16,"x":32,"y":0},{"h":16,"w":16,"x":48,"y":0},{"h":16,"w":16,"x":64,"y":0},{"h":16,"w":16,"x":80,"y":0}],"type":1},{"layer":2,"loop":true,"path":"img/hero/herochar_idle_anim_strip_4.png","rects":[{"h":16,"w":16,"x":0,"y":0},{"h":16,"w":16,"x":16,"y":0},{"h":16,"w":16,"x":32,"y":0},{"h":16,"w":16,"x":48,"y":0}],"type":1},{"layer":2,"loop":false,"path":"img/hero/herochar_death_anim_strip_8.png","rects":[{"h":16,"w":16,"x":0,"y":0},{"h":16,"w":16,"x":16,"y":0},{"h":16,"w":16,"x":32,"y":0},{"h":16,"w":16,"x":48,"y":0},{"h":16,"w":16,"x":64,"y":0},{"h":16,"w":16,"x":80,"y":0},{"h":16,"w":16,"x":96,"y":0},{"h":16,"w":16,"x":112,"y":0}],"type":1}]},"physics":{"dynamic":true,"scale":0.0625,"speed":32.0,"type":1},"pos":{"x":0.0,"y":0.0},"scripts":[],"state":{"dummy":false},"type":1}