{"entities":[{"graphics":{"subs":[{"layer":2,"loop":true,"path":"img/enemy/mushroom/mushroom_crushed_anim_strip_6.png","rects":[{"h":16,"w":16,"x":0,"y":0},{"h":16,"w":16,"x":16,"y":0},{"h":16,"w":16,"x":32,"y":0},{"h":16,"w":16,"x":48,"y":0},{"h":16,"w":16,"x":64,"y":0},{"h":16,"w":16,"x":80,"y":0}],"type":1},{"layer":2,"loop":true,"path":"img/enemy/mushroom/mushroom_walk_anim_strip_8.png","rects":[{"h":16,"w":16,"x":0,"y":0},{"h":16,"w":16,"x":16,"y":0},{"h":16,"w":16,"x":32,"y":0},{"h":16,"w":16,"x":48,"y":0},{"h":16,"w":16,"x":64,"y":0},{"h":16,"w":16,"x":80,"y":0},{"h":16,"w":16,"x":96,"y":0},{"h":16,"w":16,"x":112,"y":0}],"type":1},{"layer":2,"loop":true,"path":"img/enemy/mushroom/mushroom_crushed_anim_strip_6.png","rects":[{"h":16,"w":16,"x":0,"y":0},{"h":16,"w":16,"x":16,"y":0},{"h":16,"w":16,"x":32,"y":0},{"h":16,"w":16,"x":48,"y":0},{"h":16,"w":16,"x":64,"y":0},{"h":16,"w":16,"x":80,"y":0}],"type":1},{"layer":2,"loop":true,"path":"img/enemy/mushroom/mushroom_crushed_anim_strip_6.png","rects":[{"h":16,"w":16,"x":0,"y":0},{"h":16,"w":16,"x":16,"y":0},{"h":16,"w":16,"x":32,"y":0},{"h":16,"w":16,"x":48,"y":0},{"h":16,"w":16,"x":64,"y":0},{"h":16,"w":16,"x":80,"y":0}],"type":1},{"layer":2,"loop":true,"path":"img/enemy/mushroom/mushroom_crushed_anim_strip_6.png","rects":[{"h":16,"w":16,"x":0,"y":0},{"h":16,"w":16,"x":16,"y":0},{"h":16,"w":16,"x":32,"y":0},{"h":16,"w":16,"x":48,"y":0},{"h":16,"w":16,"x":64,"y":0},{"h":16,"w":16,"x":80,"y":0}],"type":1},{"layer":2,"loop":true,"path":"img/enemy/mushroom/mushroom_crushed_anim_strip_6.png","rects":[{"h":16,"w":16,"x":0,"y":0},{"h":16,"w":16,"x":16,"y":0},{"h":16,"w":16,"x":32,"y":0},{"h":16,"w":16,"x":48,"y":0},{"h":16,"w":16,"x":64,"y":0},{"h":16,"w":16,"x":80,"y":0}],"type":1},{"layer":2,"loop":false,"path":"img/enemy/mushroom/mushroom_death_anim_strip_6.png","rects":[{"h":16,"w":16,"x":0,"y":0},{"h":16,"w":16,"x":16,"y":0},{"h":16,"w":16,"x":32,"y":0},{"h":16,"w":16,"x":48,"y":0},{"h":16,"w":16,"x":64,"y":0},{"h":16,"w":16,"x":80,"y":0}],"type":1}]},"physics":{"dynamic":true,"scale":0.0625,"speed":10.0,"type":1},"pos":{"x":293.3333435058594,"y":96.33333587646484},"scripts":[{"type":0}],"state":{"dummy":false},"type":2},{"graphics":{"subs":[{"layer":2,"loop":true,"path":"img/enemy/mushroom/mushroom_crushed_anim_strip_6.png","rects":[{"h":16,"w":16,"x":0,"y":0},{"h":16,"w":16,"x":16,"y":0},{"h":16,"w":16,"x":32,"y":0},{"h":16,"w":16,"x":48,"y":0},{"h":16,"w":16,"x":64,"y":0},{"h":16,"w":16,"x":80,"y":0}],"type":1},{"layer":2,"loop":true,"path":"img/enemy/mushroom/mushroom_walk_anim_strip_8.png","rects":[{"h":16,"w":16,"x":0,"y":0},{"h":16,"w":16,"x":16,"y":0},{"h":16,"w":16,"x":32,"y":0},{"h":16,"w":16,"x":48,"y":0},{"h":16,"w":16,"x":64,"y":0},{"h":16,"w":16,"x":80,"y":0},{"h":16,"w":16,"x":96,"y":0},{"h":16,"w":16,"x":112,"y":0}],"type":1},{"layer":2,"loop":true,"path":"img/enemy/mushroom/mushroom_crushed_anim_strip_6.png","rects":[{"h":16,"w":16,"x":0,"y":0},{"h":16,"w":16,"x":16,"y":0},{"h":16,"w":16,"x":32,"y":0},{"h":16,"w":16,"x":48,"y":0},{"h":16,"w":16,"x":64,"y":0},{"h":16,"w":16,"x":80,"y":0}],"type":1},{"layer":2,"loop":true,"path":"img/enemy/mushroom/mushroom_crushed_anim_strip_6.png","rects":[{"h":16,"w":16,"x":0,"y":0},{"h":16,"w":16,"x":16,"y":0},{"h":16,"w":16,"x":32,"y":0},{"h":16,"w":16,"x":48,"y":0},{"h":16,"w":16,"x":64,"y":0},{"h":16,"w":16,"x":80,"y":0}],"type":1},{"layer":2,"loop":true,"path":"img/enemy/mushroom/mushroom_crushed_anim_strip_6.png","rects":[{"h":16,"w":16,"x":0,"y":0},{"h":16,"w":16,"x":16,"y":0},{"h":16,"w":16,"x":32,"y":0},{"h":16,"w":16,"x":48,"y":0},{"h":16,"w":16,"x":64,"y":0},{"h":16,"w":16,"x":80,"y":0}],"type":1},{"layer":2,"loop":true,"path":"img/enemy/mushroom/mushroom_crushed_anim_strip_6.png","rects":[{"h":16,"w":16,"x":0,"y":0},{"h":16,"w":16,"x":16,"y":0},{"h":16,"w":16,"x":32,"y":0},{"h":16,"w":16,"x":48,"y":0},{"h":16,"w":16,"x":64,"y":0},{"h":16,"w":16,"x":80,"y":0}],"type":1},{"layer":2,"loop":false,"path":"img/enemy/mushroom/mushroom_death_anim_strip_6.png","rects":[{"h":16,"w":16,"x":0,"y":0},{"h":16,"w":16,"x":16,"y":0},{"h":16,"w":16,"x":32,"y":0},{"h":16,"w":16,"x":48,"y":0},{"h":16,"w":16,"x":64,"y":0},{"h":16,"w":16,"x":80,"y":0}],"type":1}]},"physics":{"dynamic":true,"scale":0.0625,"speed":10.0,"type":1},"pos":{"x":467.0,"y":54.66666793823242},"scripts":[{"type":0}],"state":{"dummy":false},"type":2},{"graphics":{"subs":[{"layer":2,"loop":true,"path":"img/enemy/mushroom/mushroom_crushed_anim_strip_6.png","rects":[{"h":16,"w":16,"x":0,"y":0},{"h":16,"w":16,"x":16,"y":0},{"h":16,"w":16,"x":32,"y":0},{"h":16,"w":16,"x":48,"y":0},{"h":16,"w":16,"x":64,"y":0},{"h":16,"w":16,"x":80,"y":0}],"type":1},{"layer":2,"loop":true,"path":"img/enemy/mushroom/mushroom_walk_anim_strip_8.png","rects":[{"h":16,"w":16,"x":0,"y":0},{"h":16,"w":16,"x":16,"y":0},{"h":16,"w":16,"x":32,"y":0},{"h":16,"w":16,"x":48,"y":0},{"h":16,"w":16,"x":64,"y":0},{"h":16,"w":16,"x":80,"y":0},{"h":16,"w":16,"x":96,"y":0},{"h":16,"w":16,"x":112,"y":0}],"type":1},{"layer":2,"loop":true,"path":"img/enemy/mushroom/mushroom_crushed_anim_strip_6.png","rects":[{"h":16,"w":16,"x":0,"y":0},{"h":16,"w":16,"x":16,"y":0},{"h":16,"w":16,"x":32,"y":0},{"h":16,"w":16,"x":48,"y":0},{"h":16,"w":16,"x":64,"y":0},{"h":16,"w":16,"x":80,"y":0}],"type":1},{"layer":2,"loop":true,"path":"img/enemy/mushroom/mushroom_crushed_anim_strip_6.png","rects":[{"h":16,"w":16,"x":0,"y":0},{"h":16,"w":16,"x":16,"y":0},{"h":16,"w":16,"x":32,"y":0},{"h":16,"w":16,"x":48,"y":0},{"h":16,"w":16,"x":64,"y":0},{"h":16,"w":16,"x":80,"y":0}],"type":1},{"layer":2,"loop":true,"path":"img/enemy/mushroom/mushroom_crushed_anim_strip_6.png","rects":[{"h":16,"w":16,"x":0,"y":0},{"h":16,"w":16,"x":16,"y":0},{"h":16,"w":16,"x":32,"y":0},{"h":16,"w":16,"x":48,"y":0},{"h":16,"w":16,"x":64,"y":0},{"h":16,"w":16,"x":80,"y":0}],"type":1},{"layer":2,"loop":true,"path":"img/enemy/mushroom/mushroom_crushed_anim_strip_6.png","rects":[{"h":16,"w":16,"x":0,"y":0},{"h":16,"w":16,"x":16,"y":0},{"h":16,"w":16,"x":32,"y":0},{"h":16,"w":16,"x":48,"y":0},{"h":16,"w":16,"x":64,"y":0},{"h":16,"w":16,"x":80,"y":0}],"type":1},{"layer":2,"loop":false,"path":"img/enemy/mushroom/mushroom_death_anim_strip_6.png","rects":[{"h":16,"w":16,"x":0,"y":0},{"h":16,"w":16,"x":16,"y":0},{"h":16,"w":16,"x":32,"y":0},{"h":16,"w":16,"x":48,"y":0},{"h":16,"w":16,"x":64,"y":0},{"h":16,"w":16,"x":80,"y":0}],"type":1}]},"physics":{"dynamic":true,"scale":0.0625,"speed":10.0,"type":1},"pos":{"x":576.6666870117188,"y":55.66666793823242},"scripts":[{"type":0}],"state":{"dummy":false},"type":2},{"graphics":{"subs":[{"layer":2,"loop":true,"path":"img/enemy/mushroom/mushroom_crushed_anim_strip_6.png","rects":[{"h":16,"w":16,"x":0,"y":0},{"h":16,"w":16,"x":16,"y":0},{"h":16,"w":16,"x":32,"y":0},{"h":16,"w":16,"x":48,"y":0},{"h":16,"w":16,"x":64,"y":0},{"h":16,"w":16,"x":80,"y":0}],"type":1},{"layer":2,"loop":true,"path":"img/enemy/mushroom/mushroom_walk_anim_strip_8.png","rects":[{"h":16,"w":16,"x":0,"y":0},{"h":16,"w":16,"x":16,"y":0},{"h":16,"w":16,"x":32,"y":0},{"h":16,"w":16,"x":48,"y":0},{"h":16,"w":16,"x":64,"y":0},{"h":16,"w":16,"x":80,"y":0},{"h":16,"w":16,"x":96,"y":0},{"h":16,"w":16,"x":112,"y":0}],"type":1},{"layer":2,"loop":true,"path":"img/enemy/mushroom/mushroom_crushed_anim_strip_6.png","rects":[{"h":16,"w":16,"x":0,"y":0},{"h":16,"w":16,"x":16,"y":0},{"h":16,"w":16,"x":32,"y":0},{"h":16,"w":16,"x":48,"y":0},{"h":16,"w":16,"x":64,"y":0},{"h":16,"w":16,"x":80,"y":0}],"type":1},{"layer":2,"loop":true,"path":"img/enemy/mushroom/mushroom_crushed_anim_strip_6.png","rects":[{"h":16,"w":16,"x":0,"y":0},{"h":16,"w":16,"x":16,"y":0},{"h":16,"w":16,"x":32,"y":0},{"h":16,"w":16,"x":48,"y":0},{"h":16,"w":16,"x":64,"y":0},{"h":16,"w":16,"x":80,"y":0}],"type":1},{"layer":2,"loop":true,"path":"img/enemy/mushroom/mushroom_crushed_anim_strip_6.png","rects":[{"h":16,"w":16,"x":0,"y":0},{"h":16,"w":16,"x":16,"y":0},{"h":16,"w":16,"x":32,"y":0},{"h":16,"w":16,"x":48,"y":0},{"h":16,"w":16,"x":64,"y":0},{"h":16,"w":16,"x":80,"y":0}],"type":1},{"layer":2,"loop":true,"path":"img/enemy/mushroom/mushroom_crushed_anim_strip_6.png","rects":[{"h":16,"w":16,"x":0,"y":0},{"h":16,"w":16,"x":16,"y":0},{"h":16,"w":16,"x":32,"y":0},{"h":16,"w":16,"x":48,"y":0},{"h":16,"w":16,"x":64,"y":0},{"h":16,"w":16,"x":80,"y":0}],"type":1},{"layer":2,"loop":false,"path":"img/enemy/mushroom/mushroom_death_anim_strip_6.png","rects":[{"h":16,"w":16,"x":0,"y":0},{"h":16,"w":16,"x":16,"y":0},{"h":16,"w":16,"x":32,"y":0},{"h":16,"w":16,"x":48,"y":0},{"h":16,"w":16,"x":64,"y":0},{"h":16,"w":16,"x":80,"y":0}],"type":1}]},"physics":{"dynamic":true,"scale":0.0625,"speed":10.0,"type":1},"pos":{"x":806.5928955078125,"y":104.66666412353516},"scripts":[{"type":0}],"state":{"dummy":false},"type":2},{"graphics":{"subs":[{"layer":2,"loop":true,"path":"img/enemy/mushroom/mushroom_crushed_anim_strip_6.png","rects":[{"h":16,"w":16,"x":0,"y":0},{"h":16,"w":16,"x":16,"y":0},{"h":16,"w":16,"x":32,"y":0},{"h":16,"w":16,"x":48,"y":0},{"h":16,"w":16,"x":64,"y":0},{"h":16,"w":16,"x":80,"y":0}],"type":1},{"layer":2,"loop":true,"path":"img/enemy/mushroom/mushroom_walk_anim_strip_8.png","rects":[{"h":16,"w":16,"x":0,"y":0},{"h":16,"w":16,"x":16,"y":0},{"h":16,"w":16,"x":32,"y":0},{"h":16,"w":16,"x":48,"y":0},{"h":16,"w":16,"x":64,"y":0},{"h":16,"w":16,"x":80,"y":0},{"h":16,"w":16,"x":96,"y":0},{"h":16,"w":16,"x":112,"y":0}],"type":1},{"layer":2,"loop":true,"path":"img/enemy/mushroom/mushroom_crushed_anim_strip_6.png","rects":[{"h":16,"w":16,"x":0,"y":0},{"h":16,"w":16,"x":16,"y":0},{"h":16,"w":16,"x":32,"y":0},{"h":16,"w":16,"x":48,"y":0},{"h":16,"w":16,"x":64,"y":0},{"h":16,"w":16,"x":80,"y":0}],"type":1},{"layer":2,"loop":true,"path":"img/enemy/mushroom/mushroom_crushed_anim_strip_6.png","rects":[{"h":16,"w":16,"x":0,"y":0},{"h":16,"w":16,"x":16,"y":0},{"h":16,"w":16,"x":32,"y":0},{"h":16,"w":16,"x":48,"y":0},{"h":16,"w":16,"x":64,"y":0},{"h":16,"w":16,"x":80,"y":0}],"type":1},{"layer":2,"loop":true,"path":"img/enemy/mushroom/mushroom_crushed_anim_strip_6.png","rects":[{"h":16,"w":16,"x":0,"y":0},{"h":16,"w":16,"x":16,"y":0},{"h":16,"w":16,"x":32,"y":0},{"h":16,"w":16,"x":48,"y":0},{"h":16,"w":16,"x":64,"y":0},{"h":16,"w":16,"x":80,"y":0}],"type":1},{"layer":2,"loop":true,"path":"img/enemy/mushroom/mushroom_crushed_anim_strip_6.png","rects":[{"h":16,"w":16,"x":0,"y":0},{"h":16,"w":16,"x":16,"y":0},{"h":16,"w":16,"x":32,"y":0},{"h":16,"w":16,"x":48,"y":0},{"h":16,"w":16,"x":64,"y":0},{"h":16,"w":16,"x":80,"y":0}],"type":1},{"layer":2,"loop":false,"path":"img/enemy/mushroom/mushroom_death_anim_strip_6.png","rects":[{"h":16,"w":16,"x":0,"y":0},{"h":16,"w":16,"x":16,"y":0},{"h":16,"w":16,"x":32,"y":0},{"h":16,"w":16,"x":48,"y":0},{"h":16,"w":16,"x":64,"y":0},{"h":16,"w":16,"x":80,"y":0}],"type":1}]},"physics":{"dynamic":true,"scale":0.0625,"speed":10.0,"type":1},"pos":{"x":1074.0,"y":109.33333587646484},"scripts":[{"type":0}],"state":{"dummy":false},"type":2},{"graphics":{"subs":[{"layer":2,"loop":true,"path":"img/enemy/mushroom/mushroom_crushed_anim_strip_6.png","rects":[{"h":16,"w":16,"x":0,"y":0},{"h":16,"w":16,"x":16,"y":0},{"h":16,"w":16,"x":32,"y":0},{"h":16,"w":16,"x":48,"y":0},{"h":16,"w":16,"x":64,"y":0},{"h":16,"w":16,"x":80,"y":0}],"type":1},{"layer":2,"loop":true,"path":"img/enemy/mushroom/mushroom_walk_anim_strip_8.png","rects":[{"h":16,"w":16,"x":0,"y":0},{"h":16,"w":16,"x":16,"y":0},{"h":16,"w":16,"x":32,"y":0},{"h":16,"w":16,"x":48,"y":0},{"h":16,"w":16,"x":64,"y":0},{"h":16,"w":16,"x":80,"y":0},{"h":16,"w":16,"x":96,"y":0},{"h":16,"w":16,"x":112,"y":0}],"type":1},{"layer":2,"loop":true,"path":"img/enemy/mushroom/mushroom_crushed_anim_strip_6.png","rects":[{"h":16,"w":16,"x":0,"y":0},{"h":16,"w":16,"x":16,"y":0},{"h":16,"w":16,"x":32,"y":0},{"h":16,"w":16,"x":48,"y":0},{"h":16,"w":16,"x":64,"y":0},{"h":16,"w":16,"x":80,"y":0}],"type":1},{"layer":2,"loop":true,"path":"img/enemy/mushroom/mushroom_crushed_anim_strip_6.png","rects":[{"h":16,"w":16,"x":0,"y":0},{"h":16,"w":16,"x":16,"y":0},{"h":16,"w":16,"x":32,"y":0},{"h":16,"w":16,"x":48,"y":0},{"h":16,"w":16,"x":64,"y":0},{"h":16,"w":16,"x":80,"y":0}],"type":1},{"layer":2,"loop":true,"path":"img/enemy/mushroom/mushroom_crushed_anim_strip_6.png","rects":[{"h":16,"w":16,"x":0,"y":0},{"h":16,"w":16,"x":16,"y":0},{"h":16,"w":16,"x":32,"y":0},{"h":16,"w":16,"x":48,"y":0},{"h":16,"w":16,"x":64,"y":0},{"h":16,"w":16,"x":80,"y":0}],"type":1},{"layer":2,"loop":true,"path":"img/enemy/mushroom/mushroom_crushed_anim_strip_6.png","rects":[{"h":16,"w":16,"x":0,"y":0},{"h":16,"w":16,"x":16,"y":0},{"h":16,"w":16,"x":32,"y":0},{"h":16,"w":16,"x":48,"y":0},{"h":16,"w":16,"x":64,"y":0},{"h":16,"w":16,"x":80,"y":0}],"type":1},{"layer":2,"loop":false,"path":"img/enemy/mushroom/mushroom_death_anim_strip_6.png","rects":[{"h":16,"w":16,"x":0,"y":0},{"h":16,"w":16,"x":16,"y":0},{"h":16,"w":16,"x":32,"y":0},{"h":16,"w":16,"x":48,"y":0},{"h":16,"w":16,"x":64,"y":0},{"h":16,"w":16,"x":80,"y":0}],"type":1}]},"physics":{"dynamic":true,"scale":0.0625,"speed":10.0,"type":1},"pos":{"x":979.6187744140625,"y":44.0},"scripts":[{"type":0}],"state":{"dummy":false},"type":2},{"graphics":{"subs":[{"layer":2,"loop":true,"path":"img/enemy/mushroom/mushroom_crushed_anim_strip_6.png","rects":[{"h":16,"w":16,"x":0,"y":0},{"h":16,"w":16,"x":16,"y":0},{"h":16,"w":16,"x":32,"y":0},{"h":16,"w":16,"x":48,"y":0},{"h":16,"w":16,"x":64,"y":0},{"h":16,"w":16,"x":80,"y":0}],"type":1},{"layer":2,"loop":true,"path":"img/enemy/mushroom/mushroom_walk_anim_strip_8.png","rects":[{"h":16,"w":16,"x":0,"y":0},{"h":16,"w":16,"x":16,"y":0},{"h":16,"w":16,"x":32,"y":0},{"h":16,"w":16,"x":48,"y":0},{"h":16,"w":16,"x":64,"y":0},{"h":16,"w":16,"x":80,"y":0},{"h":16,"w":16,"x":96,"y":0},{"h":16,"w":16,"x":112,"y":0}],"type":1},{"layer":2,"loop":true,"path":"img/enemy/mushroom/mushroom_crushed_anim_strip_6.png","rects":[{"h":16,"w":16,"x":0,"y":0},{"h":16,"w":16,"x":16,"y":0},{"h":16,"w":16,"x":32,"y":0},{"h":16,"w":16,"x":48,"y":0},{"h":16,"w":16,"x":64,"y":0},{"h":16,"w":16,"x":80,"y":0}],"type":1},{"layer":2,"loop":true,"path":"img/enemy/mushroom/mushroom_crushed_anim_strip_6.png","rects":[{"h":16,"w":16,"x":0,"y":0},{"h":16,"w":16,"x":16,"y":0},{"h":16,"w":16,"x":32,"y":0},{"h":16,"w":16,"x":48,"y":0},{"h":16,"w":16,"x":64,"y":0},{"h":16,"w":16,"x":80,"y":0}],"type":1},{"layer":2,"loop":true,"path":"img/enemy/mushroom/mushroom_crushed_anim_strip_6.png","rects":[{"h":16,"w":16,"x":0,"y":0},{"h":16,"w":16,"x":16,"y":0},{"h":16,"w":16,"x":32,"y":0},{"h":16,"w":16,"x":48,"y":0},{"h":16,"w":16,"x":64,"y":0},{"h":16,"w":16,"x":80,"y":0}],"type":1},{"layer":2,"loop":true,"path":"img/enemy/mushroom/mushroom_crushed_anim_strip_6.png","rects":[{"h":16,"w":16,"x":0,"y":0},{"h":16,"w":16,"x":16,"y":0},{"h":16,"w":16,"x":32,"y":0},{"h":16,"w":16,"x":48,"y":0},{"h":16,"w":16,"x":64,"y":0},{"h":16,"w":16,"x":80,"y":0}],"type":1},{"layer":2,"loop":false,"path":"img/enemy/mushroom/mushroom_death_anim_strip_6.png","rects":[{"h":16,"w":16,"x":0,"y":0},{"h":16,"w":16,"x":16,"y":0},{"h":16,"w":16,"x":32,"y":0},{"h":16,"w":16,"x":48,"y":0},{"h":16,"w":16,"x":64,"y":0},{"h":16,"w":16,"x":80,"y":0}],"type":1}]},"physics":{"dynamic":true,"scale":0.0625,"speed":10.0,"type":1},"pos":{"x":307.6666564941406,"y":149.3333282470703},"scripts":[{"type":0}],"state":{"dummy":false},"type":2},{"graphics":{"subs":[{"layer":2,"loop":true,"path":"img/enemy/mushroom/mushroom_crushed_anim_strip_6.png","rects":[{"h":16,"w":16,"x":0,"y":0},{"h":16,"w":16,"x":16,"y":0},{"h":16,"w":16,"x":32,"y":0},{"h":16,"w":16,"x":48,"y":0},{"h":16,"w":16,"x":64,"y":0},{"h":16,"w":16,"x":80,"y":0}],"type":1},{"layer":2,"loop":true,"path":"img/enemy/mushroom/mushroom_walk_anim_strip_8.png","rects":[{"h":16,"w":16,"x":0,"y":0},{"h":16,"w":16,"x":16,"y":0},{"h":16,"w":16,"x":32,"y":0},{"h":16,"w":16,"x":48,"y":0},{"h":16,"w":16,"x":64,"y":0},{"h":16,"w":16,"x":80,"y":0},{"h":16,"w":16,"x":96,"y":0},{"h":16,"w":16,"x":112,"y":0}],"type":1},{"layer":2,"loop":true,"path":"img/enemy/mushroom/mushroom_crushed_anim_strip_6.png","rects":[{"h":16,"w":16,"x":0,"y":0},{"h":16,"w":16,"x":16,"y":0},{"h":16,"w":16,"x":32,"y":0},{"h":16,"w":16,"x":48,"y":0},{"h":16,"w":16,"x":64,"y":0},{"h":16,"w":16,"x":80,"y":0}],"type":1},{"layer":2,"loop":true,"path":"img/enemy/mushroom/mushroom_crushed_anim_strip_6.png","rects":[{"h":16,"w":16,"x":0,"y":0},{"h":16,"w":16,"x":16,"y":0},{"h":16,"w":16,"x":32,"y":0},{"h":16,"w":16,"x":48,"y":0},{"h":16,"w":16,"x":64,"y":0},{"h":16,"w":16,"x":80,"y":0}],"type":1},{"layer":2,"loop":true,"path":"img/enemy/mushroom/mushroom_crushed_anim_strip_6.png","rects":[{"h":16,"w":16,"x":0,"y":0},{"h":16,"w":16,"x":16,"y":0},{"h":16,"w":16,"x":32,"y":0},{"h":16,"w":16,"x":48,"y":0},{"h":16,"w":16,"x":64,"y":0},{"h":16,"w":16,"x":80,"y":0}],"type":1},{"layer":2,"loop":true,"path":"img/enemy/mushroom/mushroom_crushed_anim_strip_6.png","rects":[{"h":16,"w":16,"x":0,"y":0},{"h":16,"w":16,"x":16,"y":0},{"h":16,"w":16,"x":32,"y":0},{"h":16,"w":16,"x":48,"y":0},{"h":16,"w":16,"x":64,"y":0},{"h":16,"w":16,"x":80,"y":0}],"type":1},{"layer":2,"loop":false,"path":"img/enemy/mushroom/mushroom_death_anim_strip_6.png","rects":[{"h":16,"w":16,"x":0,"y":0},{"h":16,"w":16,"x":16,"y":0},{"h":16,"w":16,"x":32,"y":0},{"h":16,"w":16,"x":48,"y":0},{"h":16,"w":16,"x":64,"y":0},{"h":16,"w":16,"x":80,"y":0}],"type":1}]},"physics":{"dynamic":true,"scale":0.0625,"speed":10.0,"type":1},"pos":{"x":330.5,"y":95.5},"scripts":[{"type":0}],"state":{"dummy":false},"type":2},{"graphics":{"subs":[]},"physics":null,"pos":{"x":0.0,"y":0.0},"scripts":[],"state":null,"type":0},{"graphics":{"subs":[]},"physics":null,"pos":{"x":0.0,"y":0.0},"scripts":[],"state":null,"type":0},{"graphics":{"subs":[]},"physics":null,"pos":{"x":0.0,"y":0.0},"scripts":[],"state":null,"type":0},{"graphics":{"subs":[{"layer":2,"loop":true,"path":"img/enemy/mushroom/mushroom_crushed_anim_strip_6.png","rects":[{"h":16,"w":16,"x":0,"y":0},{"h":16,"w":16,"x":16,"y":0},{"h":16,"w":16,"x":32,"y":0},{"h":16,"w":16,"x":48,"y":0},{"h":16,"w":16,"x":64,"y":0},{"h":16,"w":16,"x":80,"y":0}],"type":1},{"layer":2,"loop":true,"path":"img/enemy/mushroom/mushroom_walk_anim_strip_8.png","rects":[{"h":16,"w":16,"x":0,"y":0},{"h":16,"w":16,"x":16,"y":0},{"h":16,"w":16,"x":32,"y":0},{"h":16,"w":16,"x":48,"y":0},{"h":16,"w":16,"x":64,"y":0},{"h":16,"w":16,"x":80,"y":0},{"h":16,"w":16,"x":96,"y":0},{"h":16,"w":16,"x":112,"y":0}],"type":1},{"layer":2,"loop":true,"path":"img/enemy/mushroom/mushroom_crushed_anim_strip_6.png","rects":[{"h":16,"w":16,"x":0,"y":0},{"h":16,"w":16,"x":16,"y":0},{"h":16,"w":16,"x":32,"y":0},{"h":16,"w":16,"x":48,"y":0},{"h":16,"w":16,"x":64,"y":0},{"h":16,"w":16,"x":80,"y":0}],"type":1},{"layer":2,"loop":true,"path":"img/enemy/mushroom/mushroom_crushed_anim_strip_6.png","rects":[{"h":16,"w":16,"x":0,"y":0},{"h":16,"w":16,"x":16,"y":0},{"h":16,"w":16,"x":32,"y":0},{"h":16,"w":16,"x":48,"y":0},{"h":16,"w":16,"x":64,"y":0},{"h":16,"w":16,"x":80,"y":0}],"type":1},{"layer":2,"loop":true,"path":"img/enemy/mushroom/mushroom_crushed_anim_strip_6.png","rects":[{"h":16,"w":16,"x":0,"y":0},{"h":16,"w":16,"x":16,"y":0},{"h":16,"w":16,"x":32,"y":0},{"h":16,"w":16,"x":48,"y":0},{"h":16,"w":16,"x":64,"y":0},{"h":16,"w":16,"x":80,"y":0}],"type":1},{"layer":2,"loop":true,"path":"img/enemy/mushroom/mushroom_crushed_anim_strip_6.png","rects":[{"h":16,"w":16,"x":0,"y":0},{"h":16,"w":16,"x":16,"y":0},{"h":16,"w":16,"x":32,"y":0},{"h":16,"w":16,"x":48,"y":0},{"h":16,"w":16,"x":64,"y":0},{"h":16,"w":16,"x":80,"y":0}],"type":1},{"layer":2,"loop":false,"path":"img/enemy/mushroom/mushroom_death_anim_strip_6.png","rects":[{"h":16,"w":16,"x":0,"y":0},{"h":16,"w":16,"x":16,"y":0},{"h":16,"w":16,"x":32,"y":0},{"h":16,"w":16,"x":48,"y":0},{"h":16,"w":16,"x":64,"y":0},{"h":16,"w":16,"x":80,"y":0}],"type":1}]},"physics":{"dynamic":true,"scale":0.0625,"speed":10.0,"type":1},"pos":{"x":260.70556640625,"y":42.0},"scripts":[{"type":0}],"state":{"dummy":false},"type":2},{"graphics":{"subs":[{"layer":2,"loop":true,"path":"img/enemy/mushroom/mushroom_crushed_anim_strip_6.png","rects":[{"h":16,"w":16,"x":0,"y":0},{"h":16,"w":16,"x":16,"y":0},{"h":16,"w":16,"x":32,"y":0},{"h":16,"w":16,"x":48,"y":0},{"h":16,"w":16,"x":64,"y":0},{"h":16,"w":16,"x":80,"y":0}],"type":1},{"layer":2,"loop":true,"path":"img/enemy/mushroom/mushroom_walk_anim_strip_8.png","rects":[{"h":16,"w":16,"x":0,"y":0},{"h":16,"w":16,"x":16,"y":0},{"h":16,"w":16,"x":32,"y":0},{"h":16,"w":16,"x":48,"y":0},{"h":16,"w":16,"x":64,"y":0},{"h":16,"w":16,"x":80,"y":0},{"h":16,"w":16,"x":96,"y":0},{"h":16,"w":16,"x":112,"y":0}],"type":1},{"layer":2,"loop":true,"path":"img/enemy/mushroom/mushroom_crushed_anim_strip_6.png","rects":[{"h":16,"w":16,"x":0,"y":0},{"h":16,"w":16,"x":16,"y":0},{"h":16,"w":16,"x":32,"y":0},{"h":16,"w":16,"x":48,"y":0},{"h":16,"w":16,"x":64,"y":0},{"h":16,"w":16,"x":80,"y":0}],"type":1},{"layer":2,"loop":true,"path":"img/enemy/mushroom/mushroom_crushed_anim_strip_6.png","rects":[{"h":16,"w":16,"x":0,"y":0},{"h":16,"w":16,"x":16,"y":0},{"h":16,"w":16,"x":32,"y":0},{"h":16,"w":16,"x":48,"y":0},{"h":16,"w":16,"x":64,"y":0},{"h":16,"w":16,"x":80,"y":0}],"type":1},{"layer":2,"loop":true,"path":"img/enemy/mushroom/mushroom_crushed_anim_strip_6.png","rects":[{"h":16,"w":16,"x":0,"y":0},{"h":16,"w":16,"x":16,"y":0},{"h":16,"w":16,"x":32,"y":0},{"h":16,"w":16,"x":48,"y":0},{"h":16,"w":16,"x":64,"y":0},{"h":16,"w":16,"x":80,"y":0}],"type":1},{"layer":2,"loop":true,"path":"img/enemy/mushroom/mushroom_crushed_anim_strip_6.png","rects":[{"h":16,"w":16,"x":0,"y":0},{"h":16,"w":16,"x":16,"y":0},{"h":16,"w":16,"x":32,"y":0},{"h":16,"w":16,"x":48,"y":0},{"h":16,"w":16,"x":64,"y":0},{"h":16,"w":16,"x":80,"y":0}],"type":1},{"layer":2,"loop":false,"path":"img/enemy/mushroom/mushroom_death_anim_strip_6.png","rects":[{"h":16,"w":16,"x":0,"y":0},{"h":16,"w":16,"x":16,"y":0},{"h":16,"w":16,"x":32,"y":0},{"h":16,"w":16,"x":48,"y":0},{"h":16,"w":16,"x":64,"y":0},{"h":16,"w":16,"x":80,"y":0}],"type":1}]},"physics":{"dynamic":true,"scale":0.0625,"speed":10.0,"type":1},"pos":{"x":512.833984375,"y":39.5},"scripts":[{"type":0}],"state":{"dummy":false},"type":2},{"graphics":{"subs":[{"layer":2,"loop":true,"path":"img/enemy/mushroom/mushroom_crushed_anim_strip_6.png","rects":[{"h":16,"w":16,"x":0,"y":0},{"h":16,"w":16,"x":16,"y":0},{"h":16,"w":16,"x":32,"y":0},{"h":16,"w":16,"x":48,"y":0},{"h":16,"w":16,"x":64,"y":0},{"h":16,"w":16,"x":80,"y":0}],"type":1},{"layer":2,"loop":true,"path":"img/enemy/mushroom/mushroom_walk_anim_strip_8.png","rects":[{"h":16,"w":16,"x":0,"y":0},{"h":16,"w":16,"x":16,"y":0},{"h":16,"w":16,"x":32,"y":0},{"h":16,"w":16,"x":48,"y":0},{"h":16,"w":16,"x":64,"y":0},{"h":16,"w":16,"x":80,"y":0},{"h":16,"w":16,"x":96,"y":0},{"h":16,"w":16,"x":112,"y":0}],"type":1},{"layer":2,"loop":true,"path":"img/enemy/mushroom/mushroom_crushed_anim_strip_6.png","rects":[{"h":16,"w":16,"x":0,"y":0},{"h":16,"w":16,"x":16,"y":0},{"h":16,"w":16,"x":32,"y":0},{"h":16,"w":16,"x":48,"y":0},{"h":16,"w":16,"x":64,"y":0},{"h":16,"w":16,"x":80,"y":0}],"type":1},{"layer":2,"loop":true,"path":"img/enemy/mushroom/mushroom_crushed_anim_strip_6.png","rects":[{"h":16,"w":16,"x":0,"y":0},{"h":16,"w":16,"x":16,"y":0},{"h":16,"w":16,"x":32,"y":0},{"h":16,"w":16,"x":48,"y":0},{"h":16,"w":16,"x":64,"y":0},{"h":16,"w":16,"x":80,"y":0}],"type":1},{"layer":2,"loop":true,"path":"img/enemy/mushroom/mushroom_crushed_anim_strip_6.png","rects":[{"h":16,"w":16,"x":0,"y":0},{"h":16,"w":16,"x":16,"y":0},{"h":16,"w":16,"x":32,"y":0},{"h":16,"w":16,"x":48,"y":0},{"h":16,"w":16,"x":64,"y":0},{"h":16,"w":16,"x":80,"y":0}],"type":1},{"layer":2,"loop":true,"path":"img/enemy/mushroom/mushroom_crushed_anim_strip_6.png","rects":[{"h":16,"w":16,"x":0,"y":0},{"h":16,"w":16,"x":16,"y":0},{"h":16,"w":16,"x":32,"y":0},{"h":16,"w":16,"x":48,"y":0},{"h":16,"w":16,"x":64,"y":0},{"h":16,"w":16,"x":80,"y":0}],"type":1},{"layer":2,"loop":false,"path":"img/enemy/mushroom/mushroom_death_anim_strip_6.png","rects":[{"h":16,"w":16,"x":0,"y":0},{"h":16,"w":16,"x":16,"y":0},{"h":16,"w":16,"x":32,"y":0},{"h":16,"w":16,"x":48,"y":0},{"h":16,"w":16,"x":64,"y":0},{"h":16,"w":16,"x":80,"y":0}],"type":1}]},"physics":{"dynamic":true,"scale":0.0625,"speed":10.0,"type":1},"pos":{"x":471.33404541015625,"y":47.5},"scripts":[{"type":0}],"state":{"dummy":false},"type":2},{"graphics":{"subs":[{"layer":2,"loop":true,"path":"img/enemy/mushroom/mushroom_crushed_anim_strip_6.png","rects":[{"h":16,"w":16,"x":0,"y":0},{"h":16,"w":16,"x":16,"y":0},{"h":16,"w":16,"x":32,"y":0},{"h":16,"w":16,"x":48,"y":0},{"h":16,"w":16,"x":64,"y":0},{"h":16,"w":16,"x":80,"y":0}],"type":1},{"layer":2,"loop":true,"path":"img/enemy/mushroom/mushroom_walk_anim_strip_8.png","rects":[{"h":16,"w":16,"x":0,"y":0},{"h":16,"w":16,"x":16,"y":0},{"h":16,"w":16,"x":32,"y":0},{"h":16,"w":16,"x":48,"y":0},{"h":16,"w":16,"x":64,"y":0},{"h":16,"w":16,"x":80,"y":0},{"h":16,"w":16,"x":96,"y":0},{"h":16,"w":16,"x":112,"y":0}],"type":1},{"layer":2,"loop":true,"path":"img/enemy/mushroom/mushroom_crushed_anim_strip_6.png","rects":[{"h":16,"w":16,"x":0,"y":0},{"h":16,"w":16,"x":16,"y":0},{"h":16,"w":16,"x":32,"y":0},{"h":16,"w":16,"x":48,"y":0},{"h":16,"w":16,"x":64,"y":0},{"h":16,"w":16,"x":80,"y":0}],"type":1},{"layer":2,"loop":true,"path":"img/enemy/mushroom/mushroom_crushed_anim_strip_6.png","rects":[{"h":16,"w":16,"x":0,"y":0},{"h":16,"w":16,"x":16,"y":0},{"h":16,"w":16,"x":32,"y":0},{"h":16,"w":16,"x":48,"y":0},{"h":16,"w":16,"x":64,"y":0},{"h":16,"w":16,"x":80,"y":0}],"type":1},{"layer":2,"loop":true,"path":"img/enemy/mushroom/mushroom_crushed_anim_strip_6.png","rects":[{"h":16,"w":16,"x":0,"y":0},{"h":16,"w":16,"x":16,"y":0},{"h":16,"w":16,"x":32,"y":0},{"h":16,"w":16,"x":48,"y":0},{"h":16,"w":16,"x":64,"y":0},{"h":16,"w":16,"x":80,"y":0}],"type":1},{"layer":2,"loop":true,"path":"img/enemy/mushroom/mushroom_crushed_anim_strip_6.png","rects":[{"h":16,"w":16,"x":0,"y":0},{"h":16,"w":16,"x":16,"y":0},{"h":16,"w":16,"x":32,"y":0},{"h":16,"w":16,"x":48,"y":0},{"h":16,"w":16,"x":64,"y":0},{"h":16,"w":16,"x":80,"y":0}],"type":1},{"layer":2,"loop":false,"path":"img/enemy/mushroom/mushroom_death_anim_strip_6.png","rects":[{"h":16,"w":16,"x":0,"y":0},{"h":16,"w":16,"x":16,"y":0},{"h":16,"w":16,"x":32,"y":0},{"h":16,"w":16,"x":48,"y":0},{"h":16,"w":16,"x":64,"y":0},{"h":16,"w":16,"x":80,"y":0}],"type":1}]},"physics":{"dynamic":true,"scale":0.0625,"speed":10.0,"type":1},"pos":{"x":504.08404541015625,"y":74.0},"scripts":[{"type":0}],"state":{"dummy":false},"type":2},{"graphics":{"subs":[{"layer":2,"loop":true,"path":"img/enemy/mushroom/mushroom_crushed_anim_strip_6.png","rects":[{"h":16,"w":16,"x":0,"y":0},{"h":16,"w":16,"x":16,"y":0},{"h":16,"w":16,"x":32,"y":0},{"h":16,"w":16,"x":48,"y":0},{"h":16,"w":16,"x":64,"y":0},{"h":16,"w":16,"x":80,"y":0}],"type":1},{"layer":2,"loop":true,"path":"img/enemy/mushroom/mushroom_walk_anim_strip_8.png","rects":[{"h":16,"w":16,"x":0,"y":0},{"h":16,"w":16,"x":16,"y":0},{"h":16,"w":16,"x":32,"y":0},{"h":16,"w":16,"x":48,"y":0},{"h":16,"w":16,"x":64,"y":0},{"h":16,"w":16,"x":80,"y":0},{"h":16,"w":16,"x":96,"y":0},{"h":16,"w":16,"x":112,"y":0}],"type":1},{"layer":2,"loop":true,"path":"img/enemy/mushroom/mushroom_crushed_anim_strip_6.png","rects":[{"h":16,"w":16,"x":0,"y":0},{"h":16,"w":16,"x":16,"y":0},{"h":16,"w":16,"x":32,"y":0},{"h":16,"w":16,"x":48,"y":0},{"h":16,"w":16,"x":64,"y":0},{"h":16,"w":16,"x":80,"y":0}],"type":1},{"layer":2,"loop":true,"path":"img/enemy/mushroom/mushroom_crushed_anim_strip_6.png","rects":[{"h":16,"w":16,"x":0,"y":0},{"h":16,"w":16,"x":16,"y":0},{"h":16,"w":16,"x":32,"y":0},{"h":16,"w":16,"x":48,"y":0},{"h":16,"w":16,"x":64,"y":0},{"h":16,"w":16,"x":80,"y":0}],"type":1},{"layer":2,"loop":true,"path":"img/enemy/mushroom/mushroom_crushed_anim_strip_6.png","rects":[{"h":16,"w":16,"x":0,"y":0},{"h":16,"w":16,"x":16,"y":0},{"h":16,"w":16,"x":32,"y":0},{"h":16,"w":16,"x":48,"y":0},{"h":16,"w":16,"x":64,"y":0},{"h":16,"w":16,"x":80,"y":0}],"type":1},{"layer":2,"loop":true,"path":"img/enemy/mushroom/mushroom_crushed_anim_strip_6.png","rects":[{"h":16,"w":16,"x":0,"y":0},{"h":16,"w":16,"x":16,"y":0},{"h":16,"w":16,"x":32,"y":0},{"h":16,"w":16,"x":48,"y":0},{"h":16,"w":16,"x":64,"y":0},{"h":16,"w":16,"x":80,"y":0}],"type":1},{"layer":2,"loop":false,"path":"img/enemy/mushroom/mushroom_death_anim_strip_6.png","rects":[{"h":16,"w":16,"x":0,"y":0},{"h":16,"w":16,"x":16,"y":0},{"h":16,"w":16,"x":32,"y":0},{"h":16,"w":16,"x":48,"y":0},{"h":16,"w":16,"x":64,"y":0},{"h":16,"w":16,"x":80,"y":0}],"type":1}]},"physics":{"dynamic":true,"scale":0.0625,"speed":10.0,"type":1},"pos":{"x":376.75,"y":51.25},"scripts":[{"type":0}],"state":{"dummy":false},"type":2},{"graphics":{"subs":[{"layer":2,"loop":true,"path":"img/enemy/mushroom/mushroom_crushed_anim_strip_6.png","rects":[{"h":16,"w":16,"x":0,"y":0},{"h":16,"w":16,"x":16,"y":0},{"h":16,"w":16,"x":32,"y":0},{"h":16,"w":16,"x":48,"y":0},{"h":16,"w":16,"x":64,"y":0},{"h":16,"w":16,"x":80,"y":0}],"type":1},{"layer":2,"loop":true,"path":"img/enemy/mushroom/mushroom_walk_anim_strip_8.png","rects":[{"h":16,"w":16,"x":0,"y":0},{"h":16,"w":16,"x":16,"y":0},{"h":16,"w":16,"x":32,"y":0},{"h":16,"w":16,"x":48,"y":0},{"h":16,"w":16,"x":64,"y":0},{"h":16,"w":16,"x":80,"y":0},{"h":16,"w":16,"x":96,"y":0},{"h":16,"w":16,"x":112,"y":0}],"type":1},{"layer":2,"loop":true,"path":"img/enemy/mushroom/mushroom_crushed_anim_strip_6.png","rects":[{"h":16,"w":16,"x":0,"y":0},{"h":16,"w":16,"x":16,"y":0},{"h":16,"w":16,"x":32,"y":0},{"h":16,"w":16,"x":48,"y":0},{"h":16,"w":16,"x":64,"y":0},{"h":16,"w":16,"x":80,"y":0}],"type":1},{"layer":2,"loop":true,"path":"img/enemy/mushroom/mushroom_crushed_anim_strip_6.png","rects":[{"h":16,"w":16,"x":0,"y":0},{"h":16,"w":16,"x":16,"y":0},{"h":16,"w":16,"x":32,"y":0},{"h":16,"w":16,"x":48,"y":0},{"h":16,"w":16,"x":64,"y":0},{"h":16,"w":16,"x":80,"y":0}],"type":1},{"layer":2,"loop":true,"path":"img/enemy/mushroom/mushroom_crushed_anim_strip_6.png","rects":[{"h":16,"w":16,"x":0,"y":0},{"h":16,"w":16,"x":16,"y":0},{"h":16,"w":16,"x":32,"y":0},{"h":16,"w":16,"x":48,"y":0},{"h":16,"w":16,"x":64,"y":0},{"h":16,"w":16,"x":80,"y":0}],"type":1},{"layer":2,"loop":true,"path":"img/enemy/mushroom/mushroom_crushed_anim_strip_6.png","rects":[{"h":16,"w":16,"x":0,"y":0},{"h":16,"w":16,"x":16,"y":0},{"h":16,"w":16,"x":32,"y":0},{"h":16,"w":16,"x":48,"y":0},{"h":16,"w":16,"x":64,"y":0},{"h":16,"w":16,"x":80,"y":0}],"type":1},{"layer":2,"loop":false,"path":"img/enemy/mushroom/mushroom_death_anim_strip_6.png","rects":[{"h":16,"w":16,"x":0,"y":0},{"h":16,"w":16,"x":16,"y":0},{"h":16,"w":16,"x":32,"y":0},{"h":16,"w":16,"x":48,"y":0},{"h":16,"w":16,"x":64,"y":0},{"h":16,"w":16,"x":80,"y":0}],"type":1}]},"physics":{"dynamic":true,"scale":0.0625,"speed":10.0,"type":1},"pos":{"x":407.1297607421875,"y":38.75},"scripts":[{"type":0}],"state":{"dummy":false},"type":2}],"height":10,"initial_position":{"x":32.0,"y":32.0},"tiles":[[{"destructible":false,"id":18,"passable":true},{"destructible":false,"id":2,"passable":false},{"destructible":false,"id":142,"passable":false},{"destructible":false,"id":111,"passable":false},{"destructible":false,"id":142,"passable":false},{"destructible":false,"id":142,"passable":false},{"destructible":false,"id":142,"passable":false},{"destructible":false,"id":111,"passable":false},{"destructible":false,"id":111,"passable":false},{"destructible":false,"id":111,"passable":false}],[{"destructible":false,"id":18,"passable":true},{"destructible":false,"id":2,"passable":false},{"destructible":false,"id":0,"passable":true},{"destructible":false,"id":0,"passable":true},{"destructible":false,"id":0,"passable":true},{"destructible":false,"id":0,"passable":true},{"destructible":false,"id":0,"passable":true},{"destructible":false,"id":0,"passable":true},{"destructible":false,"id":0,"passable":true},{"destructible":false,"id":0,"passable":true}],[{"destructible":false,"id":18,"passable":true},{"destructible":false,"id":2,"passable":false},{"destructible":false,"id":0,"passable":true},{"destructible":false,"id":0,"passable":true},{"destructible":false,"id":0,"passable":true},{"destructible":false,"id":0,"passable":true},{"destructible":false,"id":0,"passable":true},{"destructible":false,"id":0,"passable":true},{"destructible":false,"id":0,"passable":true},{"destructible":false,"id":0,"passable":true}],[{"destructible":false,"id":18,"passable":true},{"destructible":false,"id":2,"passable":false},{"destructible":false,"id":0,"passable":true},{"destructible":false,"id":0,"passable":true},{"destructible":false,"id":0,"passable":true},{"destructible":false,"id":0,"passable":true},{"destructible":false,"id":0,"passable":true},{"destructible":false,"id":0,"passable":true},{"destructible":false,"id":0,"passable":true},{"destructible":false,"id":0,"passable":true}],[{"destructible":false,"id":18,"passable":true},{"destructible":false,"id":2,"passable":false},{"destructible":false,"id":0,"passable":true},{"destructible":false,"id":0,"passable":true},{"destructible":false,"id":0,"passable":true},{"destructible":false,"id":0,"passable":true},{"destructible":false,"id":0,"passable":true},{"destructible":false,"id":0,"passable":true},{"destructible":false,"id":0,"passable":true},{"destructible":false,"id":0,"passable":true}],[{"destructible":false,"id":18,"passable":true},{"destructible":false,"id":2,"passable":false},{"destructible":false,"id":0,"passable":true},{"destructible":false,"id":0,"passable":true},{"destructible":false,"id":0,"passable":true},{"destructible":false,"id":0,"passable":true},{"destructible":false,"id":0,"passable":true},{"destructible":false,"id":0,"passable":true},{"destructible":false,"id":0,"passable":true},{"destructible":false,"id":0,"passable":true}],[{"destructible":false,"id":18,"passable":true},{"destructible":false,"id":2,"passable":false},{"destructible":false,"id":0,"passable":true},{"destructible":false,"id":0,"passable":true},{"destructible":false,"id":0,"passable":true},{"destructible":false,"id":0,"passable":true},{"destructible":false,"id":0,"passable":true},{"destructible":false,"id":0,"passable":true},{"destructible":false,"id":0,"passable":true},{"destructible":false,"id":21,"passable":true}],[{"destructible":false,"id":18,"passable":true},{"destructible":false,"id":2,"passable":false},{"destructible":false,"id":0,"passable":true},{"destructible":false,"id":0,"passable":true},{"destructible":false,"id":0,"passable":true},{"destructible":false,"id":0,"passable":true},{"destructible":false,"id":0,"passable":true},{"destructible":false,"id":0,"passable":true},{"destructible":false,"id":0,"passable":true},{"destructible":false,"id":21,"passable":true}],[{"destructible":false,"id":18,"passable":true},{"destructible":false,"id":2,"passable":false},{"destructible":false,"id":0,"passable":true},{"destructible":false,"id":0,"passable":true},{"destructible":false,"id":0,"passable":true},{"destructible":false,"id":0,"passable":true},{"destructible":false,"id":0,"passable":true},{"destructible":false,"id":0,"passable":true},{"destructible":false,"id":0,"passable":true},{"destructible":false,"id":0,"passable":true}],[{"destructible":false,"id":18,"passable":true},{"destructible":false,"id":2,"passable":false},{"destructible":false,"id":191,"passable":true},{"destructible":false,"id":0,"passable":true},{"destructible":false,"id":0,"passable":true},{"destructible":false,"id":0,"passable":true},{"destructible":false,"id":0,"passable":true},{"destructible":false,"id":0,"passable":true},{"destructible":false,"id":0,"passable":true},{"destructible":false,"id":0,"passable":true}],[{"destructible":false,"id":18,"passable":true},{"destructible":false,"id":2,"passable":false},{"destructible":false,"id":0,"passable":true},{"destructible":false,"id":0,"passable":true},{"destructible":false,"id":0,"passable":true},{"destructible":false,"id":0,"passable":true},{"destructible":false,"id":0,"passable":true},{"destructible":false,"id":0,"passable":true},{"destructible":false,"id":21,"passable":true},{"destructible":false,"id":0,"passable":true}],[{"destructible":false,"id":18,"passable":true},{"destructible":false,"id":2,"passable":false},{"destructible":false,"id":0,"passable":true},{"destructible":false,"id":0,"passable":true},{"destructible":false,"id":0,"passable":true},{"destructible":false,"id":0,"passable":true},{"destructible":false,"id":0,"passable":true},{"destructible":false,"id":0,"passable":true},{"destructible":false,"id":0,"passable":true},{"destructible":false,"id":0,"passable":true}],[{"destructible":false,"id":18,"passable":true},{"destructible":false,"id":2,"passable":false},{"destructible":false,"id":0,"passable":true},{"destructible":false,"id":0,"passable":true},{"destructible":false,"id":48,"passable":false},{"destructible":false,"id":0,"passable":true},{"destructible":false,"id":0,"passable":true},{"destructible":false,"id":0,"passable":true},{"destructible":false,"id":0,"passable":true},{"destructible":false,"id":21,"passable":true}],[{"destructible":false,"id":18,"passable":true},{"destructible":false,"id":2,"passable":false},{"destructible":false,"id":0,"passable":true},{"destructible":false,"id":0,"passable":true},{"destructible":false,"id":0,"passable":true},{"destructible":false,"id":0,"passable":true},{"destructible":false,"id":0,"passable":true},{"destructible":false,"id":0,"passable":true},{"destructible":false,"id":21,"passable":true},{"destructible":false,"id":21,"passable":true}],[{"destructible":false,"id":18,"passable":true},{"destructible":false,"id":2,"passable":false},{"destructible":false,"id":0,"passable":true},{"destructible":false,"id":0,"passable":true},{"destructible":false,"id":0,"passable":true},{"destructible":false,"id":0,"passable":true},{"destructible":false,"id":0,"passable":true},{"destructible":false,"id":0,"passable":true},{"destructible":false,"id":0,"passable":true},{"destructible":true,"id":64,"passable":false}],[{"destructible":false,"id":18,"passable":true},{"destructible":false,"id":2,"passable":false},{"destructible":false,"id":0,"passable":true},{"destructible":false,"id":0,"passable":true},{"destructible":false,"id":0,"passable":true},{"destructible":false,"id":0,"passable":true},{"destructible":false,"id":21,"passable":true},{"destructible":false,"id":0,"passable":true},{"destructible":false,"id":0,"passable":true},{"destructible":false,"id":21,"passable":true}],[{"destructible":false,"id":18,"passable":true},{"destructible":false,"id":2,"passable":false},{"destructible":false,"id":0,"passable":true},{"destructible":false,"id":0,"passable":true},{"destructible":false,"id":0,"passable":true},{"destructible":false,"id":0,"passable":true},{"destructible":false,"id":21,"passable":true},{"destructible":false,"id":21,"passable":true},{"destructible":false,"id":21,"passable":true},{"destructible":false,"id":0,"passable":true}],[{"destructible":false,"id":18,"passable":true},{"destructible":false,"id":2,"passable":false},{"destructible":false,"id":0,"passable":true},{"destructible":false,"id":21,"passable":true},{"destructible":false,"id":64,"passable":false},{"destructible":false,"id":0,"passable":true},{"destructible":false,"id":0,"passable":true},{"destructible":false,"id":21,"passable":true},{"destructible":false,"id":0,"passable":true},{"destructible":false,"id":0,"passable":true}],[{"destructible":false,"id":18,"passable":true},{"destructible":false,"id":2,"passable":false},{"destructible":false,"id":0,"passable":true},{"destructible":false,"id":0,"passable":true},{"destructible":false,"id":48,"passable":false},{"destructible":false,"id":21,"passable":true},{"destructible":false,"id":0,"passable":true},{"destructible":false,"id":0,"passable":true},{"destructible":false,"id":21,"passable":true},{"destructible":false,"id":0,"passable":true}],[{"destructible":false,"id":18,"passable":true},{"destructible":false,"id":2,"passable":false},{"destructible":false,"id":0,"passable":true},{"destructible":false,"id":0,"passable":true},{"destructible":true,"id":16,"passable":false},{"destructible":false,"id":0,"passable":true},{"destructible":false,"id":0,"passable":true},{"destructible":false,"id":48,"passable":false},{"destructible":false,"id":21,"passable":true},{"destructible":false,"id":0,"passable":true}],[{"destructible":false,"id":18,"passable":true},{"destructible":false,"id":2,"passable":false},{"destructible":false,"id":0,"passable":true},{"destructible":false,"id":0,"passable":true},{"destructible":false,"id":48,"passable":false},{"destructible":false,"id":0,"passable":true},{"destructible":false,"id":0,"passable":true},{"destructible":false,"id":0,"passable":true},{"destructible":false,"id":21,"passable":true},{"destructible":false,"id":0,"passable":true}],[{"destructible":false,"id":18,"passable":true},{"destructible":false,"id":2,"passable":false},{"destructible":false,"id":191,"passable":true},{"destructible":false,"id":0,"passable":true},{"destructible":false,"id":0,"passable":true},{"destructible":false,"id":0,"passable":true},{"destructible":false,"id":0,"passable":true},{"destructible":false,"id":21,"passable":true},{"destructible":false,"id":21,"passable":true},{"destructible":false,"id":0,"passable":true}],[{"destructible":false,"id":18,"passable":true},{"destructible":false,"id":2,"passable":false},{"destructible":false,"id":0,"passable":true},{"destructible":false,"id":0,"passable":true},{"destructible":false,"id":0,"passable":true},{"destructible":false,"id":0,"passable":true},{"destructible":false,"id":0,"passable":true},{"destructible":false,"id":0,"passable":true},{"destructible":false,"id":0,"passable":true},{"destructible":false,"id":0,"passable":true}],[{"destructible":false,"id":18,"passable":true},{"destructible":false,"id":2,"passable":false},{"destructible":false,"id":0,"passable":true},{"destructible":false,"id":0,"passable":true},{"destructible":false,"id":0,"passable":true},{"destructible":false,"id":0,"passable":true},{"destructible":false,"id":0,"passable":true},{"destructible":false,"id":0,"passable":true},{"destructible":false,"id":0,"passable":true},{"destructible":false,"id":0,"passable":true}],[{"destructible":false,"id":18,"passable":true},{"destructible":false,"id":2,"passable":false},{"destructible":false,"id":0,"passable":true},{"destructible":false,"id":0,"passable":true},{"destructible":false,"id":0,"passable":true},{"destructible":false,"id":0,"passable":true},{"destructible":false,"id":0,"passable":true},{"destructible":false,"id":0,"passable":true},{"destructible":false,"id":0,"passable":true},{"destructible":false,"id":0,"passable":true}],[{"destructible":false,"id":18,"passable":true},{"destructible":false,"id":2,"passable":false},{"destructible":false,"id":0,"passable":true},{"destructible":false,"id":0,"passable":true},{"destructible":false,"id":0,"passable":true},{"destructible":false,"id":0,"passable":true},{"destructible":false,"id":0,"passable":true},{"destructible":false,"id":0,"passable":true},{"destructible":false,"id":0,"passable":true},{"destructible":false,"id":0,"passable":true}],[{"destructible":false,"id":18,"passable":true},{"destructible":false,"id":2,"passable":false},{"destructible":false,"id":140,"passable":false},{"destructible":false,"id":124,"passable":false},{"destructible":false,"id":0,"passable":true},{"destructible":false,"id":0,"passable":true},{"destructible":false,"id":0,"passable":true},{"destructible":false,"id":0,"passable":true},{"destructible":false,"id":0,"passable":true},{"destructible":false,"id":0,"passable":true}],[{"destructible":false,"id":18,"passable":true},{"destructible":false,"id":2,"passable":false},{"destructible":false,"id":142,"passable":false},{"destructible":false,"id":126,"passable":false},{"destructible":false,"id":0,"passable":true},{"destructible":false,"id":0,"passable":true},{"destructible":false,"id":0,"passable":true},{"destructible":false,"id":0,"passable":true},{"destructible":false,"id":0,"passable":true},{"destructible":false,"id":0,"passable":true}],[{"destructible":false,"id":18,"passable":true},{"destructible":false,"id":2,"passable":false},{"destructible":false,"id":0,"passable":true},{"destructible":false,"id":0,"passable":true},{"destructible":false,"id":0,"passable":true},{"destructible":false,"id":0,"passable":true},{"destructible":false,"id":0,"passable":true},{"destructible":false,"id":0,"passable":true},{"destructible":false,"id":0,"passable":true},{"destructible":false,"id":0,"passable":true}],[{"destructible":false,"id":18,"passable":true},{"destructible":false,"id":2,"passable":false},{"destructible":false,"id":191,"passable":true},{"destructible":false,"id":0,"passable":true},{"destructible":false,"id":0,"passable":true},{"destructible":false,"id":0,"passable":true},{"destructible":false,"id":0,"passable":true},{"destructible":false,"id":0,"passable":true},{"destructible":false,"id":0,"passable":true},{"destructible":false,"id":0,"passable":true}],[{"destructible":false,"id":18,"passable":true},{"destructible":false,"id":2,"passable":false},{"destructible":false,"id":0,"passable":true},{"destructible":false,"id":0,"passable":true},{"destructible":false,"id":0,"passable":true},{"destructible":false,"id":0,"passable":true},{"destructible":false,"id":0,"passable":true},{"destructible":false,"id":0,"passable":true},{"destructible":false,"id":0,"passable":true},{"destructible":false,"id":0,"passable":true}],[{"destructible":false,"id":18,"passable":true},{"destructible":false,"id":2,"passable":false},{"destructible":false,"id":0,"passable":true},{"destructible":false,"id":0,"passable":true},{"destructible":false,"id":0,"passable":true},{"destructible":false,"id":0,"passable":true},{"destructible":false,"id":0,"passable":true},{"destructible":false,"id":0,"passable":true},{"destructible":false,"id":0,"passable":true},{"destructible":false,"id":0,"passable":true}],[{"destructible":false,"id":18,"passable":true},{"destructible":false,"id":2,"passable":false},{"destructible":false,"id":0,"passable":true},{"destructible":false,"id":0,"passable":true},{"destructible":false,"id":0,"passable":true},{"destructible":false,"id":0,"passable":true},{"destructible":false,"id":0,"passable":true},{"destructible":false,"id":0,"passable":true},{"destructible":false,"id":0,"passable":true},{"destructible":false,"id":0,"passable":true}],[{"destructible":false,"id":18,"passable":true},{"destructible":false,"id":2,"passable":false},{"destructible":false,"id":140,"passable":false},{"destructible":false,"id":140,"passable":false},{"destructible":false,"id":124,"passable":false},{"destructible":false,"id":0,"passable":true},{"destructible":false,"id":0,"passable":true},{"destructible":false,"id":0,"passable":true},{"destructible":false,"id":0,"passable":true},{"destructible":false,"id":0,"passable":true}],[{"destructible":false,"id":18,"passable":true},{"destructible":false,"id":2,"passable":false},{"destructible":false,"id":142,"passable":false},{"destructible":false,"id":142,"passable":false},{"destructible":false,"id":126,"passable":false},{"destructible":false,"id":0,"passable":true},{"destructible":false,"id":0,"passable":true},{"destructible":false,"id":0,"passable":true},{"destructible":false,"id":0,"passable":true},{"destructible":false,"id":0,"passable":true}],[{"destructible":false,"id":18,"passable":true},{"destructible":false,"id":2,"passable":false},{"destructible":false,"id":0,"passable":true},{"destructible":false,"id":0,"passable":true},{"destructible":false,"id":0,"passable":true},{"destructible":false,"id":0,"passable":true},{"destructible":false,"id":0,"passable":true},{"destructible":false,"id":0,"passable":true},{"destructible":false,"id":0,"passable":true},{"destructible":false,"id":0,"passable":true}],[{"destructible":false,"id":18,"passable":true},{"destructible":false,"id":2,"passable":false},{"destructible":false,"id":0,"passable":true},{"destructible":false,"id":0,"passable":true},{"destructible":false,"id":0,"passable":true},{"destructible":false,"id":0,"passable":true},{"destructible":false,"id":0,"passable":true},{"destructible":false,"id":0,"passable":true},{"destructible":false,"id":0,"passable":true},{"destructible":false,"id":0,"passable":true}],[{"destructible":false,"id":18,"passable":true},{"destructible":false,"id":2,"passable":false},{"destructible":false,"id":171,"passable":true},{"destructible":false,"id":155,"passable":true},{"destructible":false,"id":139,"passable":true},{"destructible":false,"id":0,"passable":true},{"destructible":false,"id":0,"passable":true},{"destructible":false,"id":0,"passable":true},{"destructible":false,"id":0,"passable":true},{"destructible":false,"id":0,"passable":true}],[{"destructible":false,"id":18,"passable":true},{"destructible":false,"id":2,"passable":false},{"destructible":false,"id":0,"passable":true},{"destructible":false,"id":0,"passable":true},{"destructible":false,"id":0,"passable":true},{"destructible":false,"id":0,"passable":true},{"destructible":false,"id":0,"passable":true},{"destructible":false,"id":0,"passable":true},{"destructible":false,"id":0,"passable":true},{"destructible":false,"id":0,"passable":true}],[{"destructible":false,"id":18,"passable":true},{"destructible":false,"id":2,"passable":false},{"destructible":false,"id":0,"passable":true},{"destructible":false,"id":0,"passable":true},{"destructible":false,"id":0,"passable":true},{"destructible":false,"id":0,"passable":true},{"destructible":false,"id":0,"passable":true},{"destructible":false,"id":0,"passable":true},{"destructible":false,"id":0,"passable":true},{"destructible":false,"id":0,"passable":true}],[{"destructible":false,"id":18,"passable":true},{"destructible":false,"id":2,"passable":false},{"destructible":false,"id":0,"passable":true},{"destructible":false,"id":0,"passable":true},{"destructible":false,"id":0,"passable":true},{"destructible":false,"id":0,"passable":true},{"destructible":false,"id":0,"passable":true},{"destructible":false,"id":0,"passable":true},{"destructible":false,"id":0,"passable":true},{"destructible":false,"id":0,"passable":true}],[{"destructible":false,"id":18,"passable":true},{"destructible":false,"id":2,"passable":false},{"destructible":false,"id":0,"passable":true},{"destructible":false,"id":0,"passable":true},{"destructible":false,"id":0,"passable":true},{"destructible":false,"id":0,"passable":true},{"destructible":false,"id":0,"passable":true},{"destructible":false,"id":0,"passable":true},{"destructible":false,"id":0,"passable":true},{"destructible":false,"id":76,"passable":true}],[{"destructible":false,"id":18,"passable":true},{"destructible":false,"id":2,"passable":false},{"destructible":false,"id":62,"passable":true},{"destructible":false,"id":62,"passable":true},{"destructible":false,"id":0,"passable":true},{"destructible":false,"id":0,"passable":true},{"destructible":false,"id":0,"passable":true},{"destructible":false,"id":0,"passable":true},{"destructible":false,"id":0,"passable":true},{"destructible":false,"id":0,"passable":true}],[{"destructible":false,"id":18,"passable":true},{"destructible":false,"id":2,"passable":false},{"destructible":false,"id":140,"passable":false},{"destructible":false,"id":140,"passable":false},{"destructible":false,"id":124,"passable":false},{"destructible":false,"id":0,"passable":true},{"destructible":false,"id":0,"passable":true},{"destructible":false,"id":0,"passable":true},{"destructible":false,"id":0,"passable":true},{"destructible":false,"id":0,"passable":false}],[{"destructible":false,"id":18,"passable":true},{"destructible":false,"id":2,"passable":false},{"destructible":false,"id":142,"passable":false},{"destructible":false,"id":142,"passable":false},{"destructible":false,"id":126,"passable":false},{"destructible":false,"id":0,"passable":true},{"destructible":false,"id":0,"passable":true},{"destructible":false,"id":0,"passable":true},{"destructible":false,"id":0,"passable":true},{"destructible":false,"id":0,"passable":true}],[{"destructible":false,"id":18,"passable":true},{"destructible":false,"id":2,"passable":false},{"destructible":false,"id":0,"passable":true},{"destructible":false,"id":0,"passable":true},{"destructible":false,"id":0,"passable":true},{"destructible":false,"id":0,"passable":true},{"destructible":false,"id":0,"passable":true},{"destructible":false,"id":0,"passable":true},{"destructible":false,"id":0,"passable":true},{"destructible":false,"id":0,"passable":true}],[{"destructible":false,"id":18,"passable":true},{"destructible":false,"id":2,"passable":false},{"destructible":false,"id":0,"passable":true},{"destructible":false,"id":0,"passable":true},{"destructible":false,"id":0,"passable":true},{"destructible":false,"id":0,"passable":true},{"destructible":false,"id":0,"passable":true},{"destructible":false,"id":0,"passable":true},{"destructible":false,"id":0,"passable":true},{"destructible":false,"id":0,"passable":true}],[{"destructible":false,"id":18,"passable":true},{"destructible":false,"id":2,"passable":false},{"destructible":false,"id":191,"passable":true},{"destructible":false,"id":248,"passable":true},{"destructible":false,"id":0,"passable":true},{"destructible":false,"id":0,"passable":true},{"destructible":false,"id":0,"passable":true},{"destructible":false,"id":0,"passable":true},{"destructible":false,"id":0,"passable":true},{"destructible":false,"id":63,"passable":true}],[{"destructible":false,"id":18,"passable":true},{"destructible":false,"id":2,"passable":false},{"destructible":false,"id":0,"passable":true},{"destructible":false,"id":0,"passable":true},{"destructible":false,"id":0,"passable":true},{"destructible":false,"id":0,"passable":true},{"destructible":false,"id":0,"passable":true},{"destructible":false,"id":0,"passable":true},{"destructible":false,"id":0,"passable":true},{"destructible":false,"id":0,"passable":true}],[{"destructible":false,"id":18,"passable":true},{"destructible":false,"id":2,"passable":false},{"destructible":false,"id":0,"passable":true},{"destructible":false,"id":0,"passable":true},{"destructible":false,"id":0,"passable":true},{"destructible":true,"id":16,"passable":false},{"destructible":false,"id":0,"passable":true},{"destructible":false,"id":0,"passable":true},{"destructible":false,"id":0,"passable":true},{"destructible":false,"id":0,"passable":true}],[{"destructible":false,"id":18,"passable":true},{"destructible":false,"id":2,"passable":false},{"destructible":false,"id":0,"passable":true},{"destructible":false,"id":0,"passable":true},{"destructible":false,"id":0,"passable":true},{"destructible":false,"id":48,"passable":false},{"destructible":false,"id":0,"passable":true},{"destructible":false,"id":0,"passable":true},{"destructible":false,"id":0,"passable":true},{"destructible":false,"id":0,"passable":true}],[{"destructible":false,"id":18,"passable":true},{"destructible":false,"id":2,"passable":false},{"destructible":false,"id":0,"passable":true},{"destructible":false,"id":0,"passable":true},{"destructible":false,"id":0,"passable":true},{"destructible":true,"id":16,"passable":false},{"destructible":false,"id":0,"passable":true},{"destructible":false,"id":0,"passable":true},{"destructible":false,"id":0,"passable":true},{"destructible":false,"id":0,"passable":true}],[{"destructible":false,"id":18,"passable":true},{"destructible":false,"id":2,"passable":false},{"destructible":false,"id":0,"passable":true},{"destructible":false,"id":0,"passable":true},{"destructible":false,"id":0,"passable":true},{"destructible":false,"id":0,"passable":true},{"destructible":false,"id":0,"passable":true},{"destructible":false,"id":0,"passable":true},{"destructible":false,"id":0,"passable":true},{"destructible":false,"id":0,"passable":true}],[{"destructible":false,"id":18,"passable":true},{"destructible":false,"id":2,"passable":false},{"destructible":false,"id":0,"passable":true},{"destructible":false,"id":0,"passable":true},{"destructible":false,"id":0,"passable":true},{"destructible":false,"id":0,"passable":true},{"destructible":false,"id":0,"passable":true},{"destructible":false,"id":0,"passable":true},{"destructible":false,"id":0,"passable":true},{"destructible":false,"id":0,"passable":true}],[{"destructible":false,"id":19,"passable":false},{"destructible":false,"id":3,"passable":false},{"destructible":false,"id":0,"passable":true},{"destructible":false,"id":0,"passable":true},{"destructible":false,"id":0,"passable":true},{"destructible":false,"id":0,"passable":true},{"destructible":false,"id":0,"passable":true},{"destructible":false,"id":0,"passable":true},{"destructible":false,"id":0,"passable":true},{"destructible":false,"id":0,"passable":true}],[{"destructible":false,"id":254,"passable":true},{"destructible":false,"id":174,"passable":true},{"destructible":false,"id":0,"passable":true},{"destructible":false,"id":0,"passable":true},{"destructible":false,"id":0,"passable":true},{"destructible":false,"id":0,"passable":true},{"destructible":false,"id":0,"passable":true},{"destructible":false,"id":0,"passable":true},{"destructible":false,"id":0,"passable":true},{"destructible":false,"id":0,"passable":true}],[{"destructible":false,"id":254,"passable":true},{"destructible":false,"id":174,"passable":true},{"destructible":false,"id":0,"passable":true},{"destructible":false,"id":0,"passable":true},{"destructible":false,"id":0,"passable":true},{"destructible":false,"id":0,"passable":true},{"destructible":false,"id":0,"passable":true},{"destructible":false,"id":0,"passable":true},{"destructible":false,"id":0,"passable":true},{"destructible":false,"id":0,"passable":true}],[{"destructible":false,"id":254,"passable":true},{"destructible":false,"id":174,"passable":true},{"destructible":false,"id":0,"passable":true},{"destructible":false,"id":0,"passable":true},{"destructible":false,"id":0,"passable":true},{"destructible":false,"id":0,"passable":true},{"destructible":false,"id":0,"passable":true},{"destructible":false,"id":0,"passable":true},{"destructible":false,"id":0,"passable":true},{"destructible":false,"id":0,"passable":true}],[{"destructible":false,"id":254,"passable":true},{"destructible":false,"id":174,"passable":true},{"destructible":false,"id":0,"passable":true},{"destructible":false,"id":0,"passable":true},{"destructible":false,"id":0,"passable":true},{"destructible":false,"id":0,"passable":true},{"destructible":false,"id":0,"passable":true},{"destructible":false,"id":0,"passable":true},{"destructible":false,"id":0,"passable":true},{"destructible":false,"id":0,"passable":true}],[{"destructible":false,"id":17,"passable":false},{"destructible":false,"id":1,"passable":false},{"destructible":false,"id":0,"passable":true},{"destructible":false,"id":0,"passable":true},{"destructible":false,"id":0,"passable":true},{"destructible":false,"id":0,"passable":true},{"destructible":false,"id":0,"passable":true},{"destructible":false,"id":0,"passable":true},{"destructible":false,"id":0,"passable":true},{"destructible":false,"id":0,"passable":true}],[{"destructible":false,"id":18,"passable":true},{"destructible":false,"id":2,"passable":false},{"destructible":false,"id":0,"passable":true},{"destructible":false,"id":0,"passable":true},{"destructible":false,"id":0,"passable":true},{"destructible":false,"id":0,"passable":true},{"destructible":false,"id":0,"passable":true},{"destructible":false,"id":0,"passable":true},{"destructible":false,"id":0,"passable":true},{"destructible":false,"id":0,"passable":true}],[{"destructible":false,"id":18,"passable":true},{"destructible":false,"id":2,"passable":false},{"destructible":false,"id":191,"passable":true},{"destructible":false,"id":0,"passable":true},{"destructible":false,"id":0,"passable":true},{"destructible":false,"id":0,"passable":true},{"destructible":false,"id":0,"passable":true},{"destructible":false,"id":0,"passable":true},{"destructible":false,"id":0,"passable":true},{"destructible":false,"id":0,"passable":true}],[{"destructible":false,"id":18,"passable":true},{"destructible":false,"id":2,"passable":false},{"destructible":false,"id":0,"passable":true},{"destructible":false,"id":0,"passable":true},{"destructible":false,"id":0,"passable":true},{"destructible":false,"id":0,"passable":true},{"destructible":false,"id":0,"passable":true},{"destructible":false,"id":0,"passable":true},{"destructible":false,"id":0,"passable":true},{"destructible":false,"id":0,"passable":true}],[{"destructible":false,"id":18,"passable":true},{"destructible":false,"id":2,"passable":false},{"destructible":false,"id":0,"passable":true},{"destructible":false,"id":0,"passable":true},{"destructible":false,"id":0,"passable":true},{"destructible":false,"id":0,"passable":true},{"destructible":false,"id":0,"passable":true},{"destructible":false,"id":0,"passable":true},{"destructible":false,"id":0,"passable":true},{"destructible":false,"id":0,"passable":true}],[{"destructible":false,"id":18,"passable":true},{"destructible":false,"id":2,"passable":false},{"destructible":false,"id":0,"passable":true},{"destructible":false,"id":0,"passable":true},{"destructible":false,"id":0,"passable":true},{"destructible":false,"id":0,"passable":true},{"destructible":false,"id":0,"passable":true},{"destructible":false,"id":0,"passable":true},{"destructible":false,"id":0,"passable":true},{"destructible":false,"id":0,"passable":true}],[{"destructible":false,"id":18,"passable":true},{"destructible":false,"id":2,"passable":false},{"destructible":false,"id":0,"passable":true},{"destructible":false,"id":0,"passable":true},{"destructible":false,"id":0,"passable":true},{"destructible":false,"id":0,"passable":true},{"destructible":false,"id":0,"passable":true},{"destructible":false,"id":0,"passable":true},{"destructible":false,"id":0,"passable":true},{"destructible":false,"id":0,"passable":true}],[{"destructible":false,"id":18,"passable":true},{"destructible":false,"id":2,"passable":false},{"destructible":false,"id":0,"passable":true},{"destructible":false,"id":0,"passable":true},{"destructible":false,"id":0,"passable":true},{"destructible":true,"id":16,"passable":false},{"destructible":false,"id":0,"passable":true},{"destructible":false,"id":0,"passable":true},{"destructible":false,"id":0,"passable":true},{"destructible":false,"id":0,"passable":true}],[{"destructible":false,"id":18,"passable":true},{"destructible":false,"id":2,"passable":false},{"destructible":false,"id":0,"passable":true},{"destructible":false,"id":0,"passable":true},{"destructible":false,"id":0,"passable":true},{"destructible":true,"id":16,"passable":false},{"destructible":false,"id":0,"passable":true},{"destructible":false,"id":0,"passable":true},{"destructible":false,"id":0,"passable":true},{"destructible":false,"id":0,"passable":true}],[{"destructible":false,"id":18,"passable":true},{"destructible":false,"id":2,"passable":false},{"destructible":false,"id":0,"passable":true},{"destructible":false,"id":0,"passable":true},{"destructible":false,"id":0,"passable":true},{"destructible":true,"id":16,"passable":false},{"destructible":false,"id":0,"passable":true},{"destructible":false,"id":0,"passable":true},{"destructible":false,"id":0,"passable":true},{"destructible":false,"id":0,"passable":true}],[{"destructible":false,"id":18,"passable":true},{"destructible":false,"id":2,"passable":false},{"destructible":false,"id":0,"passable":true},{"destructible":false,"id":0,"passable":true},{"destructible":false,"id":0,"passable":true},{"destructible":false,"id":0,"passable":true},{"destructible":false,"id":0,"passable":true},{"destructible":false,"id":0,"passable":true},{"destructible":false,"id":0,"passable":true},{"destructible":false,"id":0,"passable":true}],[{"destructible":false,"id":18,"passable":true},{"destructible":false,"id":2,"passable":false},{"destructible":false,"id":0,"passable":true},{"destructible":false,"id":0,"passable":true},{"destructible":false,"id":0,"passable":true},{"destructible":false,"id":0,"passable":true},{"destructible":false,"id":0,"passable":true},{"destructible":false,"id":0,"passable":true},{"destructible":false,"id":0,"passable":true},{"destructible":false,"id":0,"passable":true}],[{"destructible":false,"id":18,"passable":true},{"destructible":false,"id":2,"passable":false},{"destructible":false,"id":0,"passable":true},{"destructible":false,"id":0,"passable":true},{"destructible":true,"id":16,"passable":false},{"destructible":false,"id":0,"passable":true},{"destructible":false,"id":0,"passable":true},{"destructible":false,"id":0,"passable":true},{"destructible":false,"id":0,"passable":true},{"destructible":false,"id":0,"passable":true}],[{"destructible":false,"id":18,"passable":true},{"destructible":false,"id":2,"passable":false},{"destructible":false,"id":0,"passable":true},{"destructible":false,"id":0,"passable":true},{"destructible":false,"id":0,"passable":true},{"destructible":false,"id":0,"passable":true},{"destructible":false,"id":0,"passable":true},{"destructible":false,"id":0,"passable":true},{"destructible":false,"id":0,"passable":true},{"destructible":false,"id":0,"passable":true}],[{"destructible":false,"id":18,"passable":true},{"destructible":false,"id":2,"passable":false},{"destructible":false,"id":0,"passable":true},{"destructible":false,"id":0,"passable":true},{"destructible":false,"id":0,"passable":true},{"destructible":false,"id":0,"passable":true},{"destructible":false,"id":0,"passable":true},{"destructible":false,"id":0,"passable":true},{"destructible":false,"id":0,"passable":true},{"destructible":false,"id":0,"passable":true}],[{"destructible":false,"id":18,"passable":true},{"destructible":false,"id":2,"passable":false},{"destructible":false,"id":0,"passable":true},{"destructible":false,"id":0,"passable":true},{"destructible":false,"id":0,"passable":true},{"destructible":false,"id":0,"passable":true},{"destructible":false,"id":0,"passable":true},{"destructible":false,"id":0,"passable":true},{"destructible":false,"id":0,"passable":true},{"destructible":false,"id":0,"passable":true}],[{"destructible":false,"id":18,"passable":true},{"destructible":false,"id":2,"passable":false},{"destructible":false,"id":0,"passable":true},{"destructible":false,"id":0,"passable":true},{"destructible":false,"id":0,"passable":true},{"destructible":false,"id":0,"passable":true},{"destructible":false,"id":0,"passable":true},{"destructible":false,"id":0,"passable":true},{"destructible":false,"id":0,"passable":true},{"destructible":false,"id":0,"passable":true}],[{"destructible":false,"id":18,"passable":true},{"destructible":false,"id":2,"passable":false},{"destructible":false,"id":140,"passable":false},{"destructible":false,"id":140,"passable":false},{"destructible":false,"id":140,"passable":false},{"destructible":false,"id":140,"passable":false},{"destructible":false,"id":140,"passable":false},{"destructible":false,"id":140,"passable":false},{"destructible":false,"id":124,"passable":false},{"destructible":false,"id":0,"passable":true}]],"width":77}